,Date,Open,High,Low,Close,Volume,Volume(BCC)
0,21-05-2021,2.2,2.27,1.84,2.01,0.0,0.0
1,20-05-2021,2.01,2.28,1.91,2.19,0.0,0.0
2,19-05-2021,2.31,2.34,1.68,2.01,0.0,0.0
3,18-05-2021,2.19,2.5,2.18,2.32,18.81,8.01
4,17-05-2021,2.25,2.3,2.06,2.19,4.26,1.92
5,16-05-2021,2.4,2.48,2.14,2.25,0.0,0.0
6,15-05-2021,2.56,2.6,2.4,2.4,0.0,0.0
7,14-05-2021,2.66,2.69,2.16,2.56,66.5,26.04
8,13-05-2021,2.31,2.73,2.26,2.66,11.35,4.42
9,12-05-2021,2.34,2.91,2.32,2.39,135.61,52.56
10,11-05-2021,2.26,10.2,2.13,2.35,302.03,35.98
11,10-05-2021,2.37,2.42,2.17,2.25,15.56,6.65
12,09-05-2021,2.27,2.38,2.18,2.37,0.0,0.0
13,08-05-2021,2.34,2.42,2.23,2.27,3.67,1.57
14,07-05-2021,2.18,2.38,2.15,2.34,52.22,23.17
15,06-05-2021,2.22,2.38,2.15,2.18,6.84,3.09
16,05-05-2021,2.22,2.31,2.13,2.22,15.67,7.03
17,04-05-2021,2.4,2.4,2.23,2.23,7.65,3.3
18,03-05-2021,2.38,2.48,2.38,2.4,0.0,0.0
19,02-05-2021,2.43,2.43,2.36,2.38,19.59,8.2
20,01-05-2021,2.47,2.74,2.42,2.43,35.41,13.28
21,30-04-2021,2.29,2.47,2.27,2.47,17.36,7.35
22,29-04-2021,2.33,2.35,2.24,2.29,25.16,10.93
23,28-04-2021,4.58,4.62,1.61,2.33,265.42,87.7
24,27-04-2021,3.53,4.57,3.5,4.57,1.99,0.5529082
25,26-04-2021,3.21,3.55,3.2,3.53,0.0,0.0
26,25-04-2021,2.83,3.3,2.76,3.21,63.81,21.22
27,24-04-2021,2.51,2.85,2.43,2.83,18.92,7.39
28,23-04-2021,2.67,2.7,2.34,2.5,2.5,1.01
29,22-04-2021,3.27,3.31,2.4,2.68,10.5,4.12
30,21-04-2021,1.4,3.34,1.35,3.27,297.1,186.52
31,20-04-2021,1.45,1.49,1.36,1.4,9.27,6.42
32,19-04-2021,1.47,1.5,1.42,1.45,17.69,12.01
33,18-04-2021,1.49,1.49,1.3,1.47,15.71,10.97
34,17-04-2021,1.57,1.66,1.48,1.49,17.02,11.14
35,16-04-2021,1.48,1.59,1.4,1.58,6.26,4.2
36,15-04-2021,1.48,1.49,1.45,1.48,0.0,0.0
37,14-04-2021,1.49,1.51,1.44,1.47,0.0,0.0
38,13-04-2021,1.76,1.8,1.46,1.48,28.82,18.03
39,12-04-2021,1.86,1.86,1.76,1.76,7.63,4.3
40,11-04-2021,1.48,1.85,1.47,1.85,41.78,26.01
41,10-04-2021,1.24,1.55,1.24,1.47,23.97,16.29
42,09-04-2021,1.24,1.26,1.24,1.24,0.0,0.0
43,08-04-2021,1.6,1.67,1.23,1.24,51.08,33.79
44,07-04-2021,1.66,1.67,1.59,1.61,0.0,0.0
45,06-04-2021,1.69,1.74,1.65,1.66,14.37,8.43
46,05-04-2021,1.66,1.73,1.63,1.68,0.0,0.0
47,04-04-2021,1.57,1.73,1.56,1.66,86.7,52.69
48,03-04-2021,1.55,1.64,1.51,1.58,0.0,0.0
49,02-04-2021,1.59,1.62,1.52,1.55,6.72,4.33
50,01-04-2021,1.59,1.6,1.57,1.59,0.0,0.0
51,31-03-2021,1.76,1.77,1.55,1.59,63.41,38.92
52,30-03-2021,1.72,1.78,1.71,1.76,0.0,0.0
53,29-03-2021,1.67,1.75,1.65,1.73,0.0,0.0
54,28-03-2021,1.67,1.69,1.64,1.67,0.0,0.0
55,27-03-2021,1.65,1.69,1.62,1.67,5.07,3.06
56,26-03-2021,1.54,1.65,1.54,1.65,0.0,0.0
57,25-03-2021,1.5,1.59,1.48,1.54,44.33,28.88
58,24-03-2021,1.36,1.59,1.34,1.5,5.8,4.08
59,23-03-2021,1.35,1.39,1.33,1.36,0.0,0.0
60,22-03-2021,1.43,1.45,1.35,1.36,0.0,0.0
61,21-03-2021,1.45,1.46,1.4,1.44,0.0,0.0
62,20-03-2021,1.45,1.49,1.45,1.45,0.0,0.0
63,19-03-2021,1.58,1.63,1.45,1.45,226.51,142.93
64,18-03-2021,1.67,1.67,1.58,1.59,64.77,39.73
65,17-03-2021,1.61,1.66,1.53,1.66,0.0,0.0
66,16-03-2021,1.57,1.6,1.51,1.6,0.0,0.0
67,15-03-2021,1.66,1.71,1.56,1.57,0.0,0.0
68,14-03-2021,1.72,1.74,1.67,1.67,0.0,0.0
69,13-03-2021,1.61,1.74,1.59,1.73,0.0,0.0
70,12-03-2021,1.45,1.62,1.39,1.62,25.79,17.33
71,11-03-2021,1.4,1.45,1.36,1.44,0.0,0.0
72,10-03-2021,1.37,1.43,1.33,1.4,0.0,0.0
73,09-03-2021,1.57,1.64,1.37,1.37,32.7,20.56
74,08-03-2021,1.53,1.57,1.49,1.57,0.0,0.0
75,07-03-2021,1.47,1.54,1.47,1.54,0.0,0.0
76,06-03-2021,1.34,1.47,1.3,1.47,5.13,3.85
77,05-03-2021,1.33,1.35,1.28,1.34,0.0,0.0
78,04-03-2021,1.38,1.42,1.31,1.33,5.34,3.93
79,03-03-2021,1.33,1.44,1.32,1.39,0.0,0.0
80,02-03-2021,1.36,1.38,1.3,1.33,0.0,0.0
81,01-03-2021,1.24,1.37,1.24,1.36,0.0,0.0
82,28-02-2021,0.9214679,1.26,0.8906078000000002,1.24,4.95,4.26
83,27-02-2021,0.9262974,0.9643011999999999,0.9083726999999999,0.9251808000000001,0.0,0.0
84,26-02-2021,1.41,1.43,0.906501,0.9258194,34.93,27.9
85,25-02-2021,0.9478348,1.49,0.9293058000000001,1.42,5.65,5.39
86,24-02-2021,1.82,1.85,0.9186059000000001,0.9445349000000001,107.34,89.22
87,23-02-2021,2.6,2.6,1.16,1.81,200.17,125.24
88,22-02-2021,1.78,2.62,1.55,2.6,144.62,83.96
89,21-02-2021,1.73,1.8,1.72,1.78,0.0,0.0
90,20-02-2021,1.29,1.78,1.28,1.74,36.09,23.66
91,19-02-2021,1.55,1.56,0.9713726,1.29,32.27,29.37
92,18-02-2021,1.56,1.57,1.53,1.55,0.0,0.0
93,17-02-2021,1.35,1.57,1.35,1.56,5.75,3.81
94,16-02-2021,1.2,2.0,1.19,1.35,69.07,40.27
95,15-02-2021,1.22,1.22,1.16,1.2,0.0,0.0
96,14-02-2021,1.75,1.92,1.19,1.22,1268.56,813.57
97,13-02-2021,1.07,1.76,1.06,1.74,54.37,35.29
98,12-02-2021,1.08,1.09,1.05,1.07,0.0,0.0
99,11-02-2021,1.12,1.81,1.0,1.07,388.0,314.53
100,10-02-2021,0.28122820000000004,1.13,0.2725598,1.12,152.89,266.6
101,09-02-2021,0.926517,0.9586853999999999,0.06867369999999999,0.2815063,342.57,672.06
102,08-02-2021,0.9700848,1.08,0.7406438,0.9217999,307.39,361.46
103,07-02-2021,0.9768191999999999,0.9907203000000001,0.9393017,0.9717691999999999,0.0,0.0
104,06-02-2021,1.15,1.22,0.9795514000000001,0.9821959000000001,7.56,6.4
105,05-02-2021,1.48,1.51,1.12,1.14,4.27,3.42
106,04-02-2021,1.84,1.87,1.09,1.48,15.18,11.47
107,03-02-2021,0.35476579999999996,1.84,0.3543983,1.84,260.79,286.25
108,02-02-2021,1.51,1.59,0.27673220000000004,0.3551402,1190.35,1506.75
109,01-02-2021,1.49,1.56,1.46,1.51,0.0,0.0
110,31-01-2021,1.37,1.53,1.35,1.49,8.13,5.61
111,30-01-2021,1.72,1.74,0.2561245,1.37,210.33,170.29
112,29-01-2021,0.9951446,1.91,0.9748188,1.71,16.07,10.28
113,28-01-2021,0.9074747999999999,1.0,0.8930418999999999,0.9903886000000001,0.0,0.0
114,27-01-2021,0.9744937,0.9744937,0.8763526,0.9042859000000001,3.06,3.29
115,26-01-2021,0.9158958,0.9823607,0.9158958,0.9765684000000001,0.0,0.0
116,25-01-2021,1.84,1.97,0.9144164,0.9215018,76.28,68.6
117,24-01-2021,1.82,1.88,1.77,1.84,0.0,0.0
118,23-01-2021,1.87,1.9,1.79,1.83,0.0,0.0
119,22-01-2021,1.84,2.03,1.75,1.88,3.14,1.65
120,21-01-2021,1.15,1.88,0.9642679,1.85,55.84,46.82
121,20-01-2021,1.17,1.18,1.1,1.16,0.0,0.0
122,19-01-2021,1.29,1.3,1.17,1.17,9.39,7.64
123,18-01-2021,1.27,1.29,1.25,1.28,0.0,0.0
124,17-01-2021,0.0,0.0,0.0,0.0,0.0,0.0
125,16-01-2021,0.0,0.0,0.0,0.0,0.0,0.0
126,15-01-2021,0.0,0.0,0.0,0.0,0.0,0.0
127,14-01-2021,0.0,0.0,0.0,0.0,0.0,0.0
128,13-01-2021,0.0,0.0,0.0,0.0,0.0,0.0
129,12-01-2021,0.0,0.0,0.0,0.0,0.0,0.0
130,11-01-2021,0.0,0.0,0.0,0.0,0.0,0.0
131,10-01-2021,0.0,0.0,0.0,0.0,0.0,0.0
132,09-01-2021,0.0,0.0,0.0,0.0,0.0,0.0
133,08-01-2021,0.0,0.0,0.0,0.0,0.0,0.0
134,07-01-2021,0.0,0.0,0.0,0.0,0.0,0.0
135,06-01-2021,0.0,0.0,0.0,0.0,0.0,0.0
136,05-01-2021,0.0,0.0,0.0,0.0,0.0,0.0
137,04-01-2021,0.0,0.0,0.0,0.0,0.0,0.0
138,03-01-2021,0.0,0.0,0.0,0.0,0.0,0.0
139,02-01-2021,0.0,0.0,0.0,0.0,0.0,0.0
140,01-01-2021,0.0,0.0,0.0,0.0,0.0,0.0
141,31-12-2020,0.0,0.0,0.0,0.0,0.0,0.0
142,30-12-2020,0.0,0.0,0.0,0.0,0.0,0.0
143,29-12-2020,0.0,0.0,0.0,0.0,0.0,0.0
144,28-12-2020,0.0,0.0,0.0,0.0,0.0,0.0
145,27-12-2020,0.0,0.0,0.0,0.0,0.0,0.0
146,26-12-2020,0.0,0.0,0.0,0.0,0.0,0.0
147,25-12-2020,0.0,0.0,0.0,0.0,0.0,0.0
148,24-12-2020,0.0,0.0,0.0,0.0,0.0,0.0
149,23-12-2020,0.0,0.0,0.0,0.0,0.0,0.0
150,22-12-2020,0.0,0.0,0.0,0.0,0.0,0.0
151,21-12-2020,0.0,0.0,0.0,0.0,0.0,0.0
152,20-12-2020,0.0,0.0,0.0,0.0,0.0,0.0
153,19-12-2020,0.0,0.0,0.0,0.0,0.0,0.0
154,18-12-2020,0.0,0.0,0.0,0.0,0.0,0.0
155,17-12-2020,0.0,0.0,0.0,0.0,0.0,0.0
156,16-12-2020,0.0,0.0,0.0,0.0,0.0,0.0
157,15-12-2020,0.0,0.0,0.0,0.0,0.0,0.0
158,14-12-2020,0.0,0.0,0.0,0.0,0.0,0.0
159,13-12-2020,0.0,0.0,0.0,0.0,0.0,0.0
160,12-12-2020,0.0,0.0,0.0,0.0,0.0,0.0
161,11-12-2020,0.0,0.0,0.0,0.0,0.0,0.0
162,10-12-2020,0.0,0.0,0.0,0.0,0.0,0.0
163,09-12-2020,0.0,0.0,0.0,0.0,0.0,0.0
164,08-12-2020,0.0,0.0,0.0,0.0,0.0,0.0
165,07-12-2020,0.0,0.0,0.0,0.0,0.0,0.0
166,06-12-2020,0.0,0.0,0.0,0.0,0.0,0.0
167,05-12-2020,0.0,0.0,0.0,0.0,0.0,0.0
168,04-12-2020,0.0,0.0,0.0,0.0,0.0,0.0
169,03-12-2020,0.0,0.0,0.0,0.0,0.0,0.0
170,02-12-2020,0.0,0.0,0.0,0.0,0.0,0.0
171,01-12-2020,0.0,0.0,0.0,0.0,0.0,0.0
172,30-11-2020,0.0,0.0,0.0,0.0,0.0,0.0
173,29-11-2020,0.0,0.0,0.0,0.0,0.0,0.0
174,28-11-2020,0.0,0.0,0.0,0.0,0.0,0.0
175,27-11-2020,0.0,0.0,0.0,0.0,0.0,0.0
176,26-11-2020,0.0,0.0,0.0,0.0,0.0,0.0
177,25-11-2020,0.0,0.0,0.0,0.0,0.0,0.0
178,24-11-2020,0.0,0.0,0.0,0.0,0.0,0.0
179,23-11-2020,0.0,0.0,0.0,0.0,0.0,0.0
180,22-11-2020,0.0,0.0,0.0,0.0,0.0,0.0
181,21-11-2020,0.0,0.0,0.0,0.0,0.0,0.0
182,20-11-2020,0.0,0.0,0.0,0.0,0.0,0.0
183,19-11-2020,0.0,0.0,0.0,0.0,0.0,0.0
184,18-11-2020,0.0,0.0,0.0,0.0,0.0,0.0
185,17-11-2020,0.0,0.0,0.0,0.0,0.0,0.0
186,16-11-2020,0.0,0.0,0.0,0.0,0.0,0.0
187,15-11-2020,0.0,0.0,0.0,0.0,0.0,0.0
188,14-11-2020,0.0,0.0,0.0,0.0,0.0,0.0
189,13-11-2020,0.0,0.0,0.0,0.0,0.0,0.0
190,12-11-2020,0.0,0.0,0.0,0.0,0.0,0.0
191,11-11-2020,0.0,0.0,0.0,0.0,0.0,0.0
192,10-11-2020,0.0,0.0,0.0,0.0,0.0,0.0
193,09-11-2020,0.0,0.0,0.0,0.0,0.0,0.0
194,08-11-2020,0.0,0.0,0.0,0.0,0.0,0.0
195,07-11-2020,0.0,0.0,0.0,0.0,0.0,0.0
196,06-11-2020,0.0,0.0,0.0,0.0,0.0,0.0
197,05-11-2020,0.0,0.0,0.0,0.0,0.0,0.0
198,04-11-2020,0.0,0.0,0.0,0.0,0.0,0.0
199,03-11-2020,0.0,0.0,0.0,0.0,0.0,0.0
200,02-11-2020,0.0,0.0,0.0,0.0,0.0,0.0
201,01-11-2020,0.0,0.0,0.0,0.0,0.0,0.0
202,31-10-2020,0.0,0.0,0.0,0.0,0.0,0.0
203,30-10-2020,0.0,0.0,0.0,0.0,0.0,0.0
204,29-10-2020,0.0,0.0,0.0,0.0,0.0,0.0
205,28-10-2020,0.0,0.0,0.0,0.0,0.0,0.0
206,27-10-2020,0.0,0.0,0.0,0.0,0.0,0.0
207,26-10-2020,0.0,0.0,0.0,0.0,0.0,0.0
208,25-10-2020,0.0,0.0,0.0,0.0,0.0,0.0
209,24-10-2020,0.0,0.0,0.0,0.0,0.0,0.0
210,23-10-2020,0.0,0.0,0.0,0.0,0.0,0.0
211,22-10-2020,0.0,0.0,0.0,0.0,0.0,0.0
212,21-10-2020,0.0,0.0,0.0,0.0,0.0,0.0
213,20-10-2020,0.0,0.0,0.0,0.0,0.0,0.0
214,19-10-2020,0.0,0.0,0.0,0.0,0.0,0.0
215,18-10-2020,0.0,0.0,0.0,0.0,0.0,0.0
216,17-10-2020,0.0,0.0,0.0,0.0,0.0,0.0
217,16-10-2020,0.0,0.0,0.0,0.0,0.0,0.0
218,15-10-2020,0.0,0.0,0.0,0.0,0.0,0.0
219,14-10-2020,0.0,0.0,0.0,0.0,0.0,0.0
220,13-10-2020,0.0,0.0,0.0,0.0,0.0,0.0
221,12-10-2020,0.0,0.0,0.0,0.0,0.0,0.0
222,11-10-2020,0.0,0.0,0.0,0.0,0.0,0.0
223,10-10-2020,0.0,0.0,0.0,0.0,0.0,0.0
224,09-10-2020,0.0,0.0,0.0,0.0,0.0,0.0
225,08-10-2020,0.0,0.0,0.0,0.0,0.0,0.0
226,07-10-2020,0.0,0.0,0.0,0.0,0.0,0.0
227,06-10-2020,0.0,0.0,0.0,0.0,0.0,0.0
228,05-10-2020,0.0,0.0,0.0,0.0,0.0,0.0
229,04-10-2020,0.0,0.0,0.0,0.0,0.0,0.0
230,03-10-2020,0.0,0.0,0.0,0.0,0.0,0.0
231,02-10-2020,0.0,0.0,0.0,0.0,0.0,0.0
232,01-10-2020,0.0,0.0,0.0,0.0,0.0,0.0
233,30-09-2020,0.0,0.0,0.0,0.0,0.0,0.0
234,29-09-2020,0.0,0.0,0.0,0.0,0.0,0.0
235,28-09-2020,0.0,0.0,0.0,0.0,0.0,0.0
236,27-09-2020,0.0,0.0,0.0,0.0,0.0,0.0
237,26-09-2020,0.0,0.0,0.0,0.0,0.0,0.0
238,25-09-2020,0.0,0.0,0.0,0.0,0.0,0.0
239,24-09-2020,0.0,0.0,0.0,0.0,0.0,0.0
240,23-09-2020,0.0,0.0,0.0,0.0,0.0,0.0
241,22-09-2020,0.0,0.0,0.0,0.0,0.0,0.0
242,21-09-2020,0.0,0.0,0.0,0.0,0.0,0.0
243,20-09-2020,0.0,0.0,0.0,0.0,0.0,0.0
244,19-09-2020,0.0,0.0,0.0,0.0,0.0,0.0
245,18-09-2020,0.0,0.0,0.0,0.0,0.0,0.0
246,17-09-2020,0.0,0.0,0.0,0.0,0.0,0.0
247,16-09-2020,0.0,0.0,0.0,0.0,0.0,0.0
248,15-09-2020,0.0,0.0,0.0,0.0,0.0,0.0
249,14-09-2020,0.0,0.0,0.0,0.0,0.0,0.0
250,13-09-2020,0.0,0.0,0.0,0.0,0.0,0.0
251,12-09-2020,0.0,0.0,0.0,0.0,0.0,0.0
252,11-09-2020,0.0,0.0,0.0,0.0,0.0,0.0
253,10-09-2020,0.0,0.0,0.0,0.0,0.0,0.0
254,09-09-2020,0.0,0.0,0.0,0.0,0.0,0.0
255,08-09-2020,0.0,0.0,0.0,0.0,0.0,0.0
256,07-09-2020,0.0,0.0,0.0,0.0,0.0,0.0
257,06-09-2020,0.0,0.0,0.0,0.0,0.0,0.0
258,05-09-2020,0.0,0.0,0.0,0.0,0.0,0.0
259,04-09-2020,0.0,0.0,0.0,0.0,0.0,0.0
260,03-09-2020,0.0,0.0,0.0,0.0,0.0,0.0
261,02-09-2020,0.0,0.0,0.0,0.0,0.0,0.0
262,01-09-2020,0.0,0.0,0.0,0.0,0.0,0.0
263,31-08-2020,0.0,0.0,0.0,0.0,0.0,0.0
264,30-08-2020,0.0,0.0,0.0,0.0,0.0,0.0
265,29-08-2020,0.0,0.0,0.0,0.0,0.0,0.0
266,28-08-2020,0.0,0.0,0.0,0.0,0.0,0.0
267,27-08-2020,0.0,0.0,0.0,0.0,0.0,0.0
268,26-08-2020,0.0,0.0,0.0,0.0,0.0,0.0
269,25-08-2020,0.0,0.0,0.0,0.0,0.0,0.0
270,24-08-2020,0.0,0.0,0.0,0.0,0.0,0.0
271,23-08-2020,0.0,0.0,0.0,0.0,0.0,0.0
272,22-08-2020,0.0,0.0,0.0,0.0,0.0,0.0
273,21-08-2020,0.0,0.0,0.0,0.0,0.0,0.0
274,20-08-2020,0.0,0.0,0.0,0.0,0.0,0.0
275,19-08-2020,0.0,0.0,0.0,0.0,0.0,0.0
276,18-08-2020,0.0,0.0,0.0,0.0,0.0,0.0
277,17-08-2020,0.0,0.0,0.0,0.0,0.0,0.0
278,16-08-2020,0.0,0.0,0.0,0.0,0.0,0.0
279,15-08-2020,0.0,0.0,0.0,0.0,0.0,0.0
280,14-08-2020,0.0,0.0,0.0,0.0,0.0,0.0
281,13-08-2020,0.0,0.0,0.0,0.0,0.0,0.0
282,12-08-2020,0.0,0.0,0.0,0.0,0.0,0.0
283,11-08-2020,0.0,0.0,0.0,0.0,0.0,0.0
284,10-08-2020,0.0,0.0,0.0,0.0,0.0,0.0
285,09-08-2020,0.0,0.0,0.0,0.0,0.0,0.0
286,08-08-2020,0.0,0.0,0.0,0.0,0.0,0.0
287,07-08-2020,0.0,0.0,0.0,0.0,0.0,0.0
288,06-08-2020,0.0,0.0,0.0,0.0,0.0,0.0
289,05-08-2020,0.0,0.0,0.0,0.0,0.0,0.0
290,04-08-2020,0.0,0.0,0.0,0.0,0.0,0.0
291,03-08-2020,0.0,0.0,0.0,0.0,0.0,0.0
292,02-08-2020,0.0,0.0,0.0,0.0,0.0,0.0
293,01-08-2020,0.0,0.0,0.0,0.0,0.0,0.0
294,31-07-2020,0.0,0.0,0.0,0.0,0.0,0.0
295,30-07-2020,0.0,0.0,0.0,0.0,0.0,0.0
296,29-07-2020,0.0,0.0,0.0,0.0,0.0,0.0
297,28-07-2020,0.0,0.0,0.0,0.0,0.0,0.0
298,27-07-2020,0.0,0.0,0.0,0.0,0.0,0.0
299,26-07-2020,0.0,0.0,0.0,0.0,0.0,0.0
300,25-07-2020,0.0,0.0,0.0,0.0,0.0,0.0
301,24-07-2020,0.0,0.0,0.0,0.0,0.0,0.0
302,23-07-2020,0.0,0.0,0.0,0.0,0.0,0.0
303,22-07-2020,0.0,0.0,0.0,0.0,0.0,0.0
304,21-07-2020,0.0,0.0,0.0,0.0,0.0,0.0
305,20-07-2020,0.0,0.0,0.0,0.0,0.0,0.0
306,19-07-2020,0.0,0.0,0.0,0.0,0.0,0.0
307,18-07-2020,0.0,0.0,0.0,0.0,0.0,0.0
308,17-07-2020,0.0,0.0,0.0,0.0,0.0,0.0
309,16-07-2020,0.0,0.0,0.0,0.0,0.0,0.0
310,15-07-2020,0.0,0.0,0.0,0.0,0.0,0.0
311,14-07-2020,0.0,0.0,0.0,0.0,0.0,0.0
312,13-07-2020,0.0,0.0,0.0,0.0,0.0,0.0
313,12-07-2020,0.0,0.0,0.0,0.0,0.0,0.0
314,11-07-2020,0.0,0.0,0.0,0.0,0.0,0.0
315,10-07-2020,0.0,0.0,0.0,0.0,0.0,0.0
316,09-07-2020,0.0,0.0,0.0,0.0,0.0,0.0
317,08-07-2020,0.0,0.0,0.0,0.0,0.0,0.0
318,07-07-2020,0.0,0.0,0.0,0.0,0.0,0.0
319,06-07-2020,0.0,0.0,0.0,0.0,0.0,0.0
320,05-07-2020,0.0,0.0,0.0,0.0,0.0,0.0
321,04-07-2020,0.0,0.0,0.0,0.0,0.0,0.0
322,03-07-2020,0.0,0.0,0.0,0.0,0.0,0.0
323,02-07-2020,0.0,0.0,0.0,0.0,0.0,0.0
324,01-07-2020,0.0,0.0,0.0,0.0,0.0,0.0
325,30-06-2020,0.0,0.0,0.0,0.0,0.0,0.0
326,29-06-2020,0.0,0.0,0.0,0.0,0.0,0.0
327,28-06-2020,0.0,0.0,0.0,0.0,0.0,0.0
328,27-06-2020,0.0,0.0,0.0,0.0,0.0,0.0
329,26-06-2020,0.0,0.0,0.0,0.0,0.0,0.0
330,25-06-2020,0.0,0.0,0.0,0.0,0.0,0.0
331,24-06-2020,0.0,0.0,0.0,0.0,0.0,0.0
332,23-06-2020,0.0,0.0,0.0,0.0,0.0,0.0
333,22-06-2020,0.0,0.0,0.0,0.0,0.0,0.0
334,21-06-2020,0.0,0.0,0.0,0.0,0.0,0.0
335,20-06-2020,0.0,0.0,0.0,0.0,0.0,0.0
336,19-06-2020,0.0,0.0,0.0,0.0,0.0,0.0
337,18-06-2020,0.0,0.0,0.0,0.0,0.0,0.0
338,17-06-2020,0.0,0.0,0.0,0.0,0.0,0.0
339,16-06-2020,0.0,0.0,0.0,0.0,0.0,0.0
340,15-06-2020,0.0,0.0,0.0,0.0,0.0,0.0
341,14-06-2020,0.0,0.0,0.0,0.0,0.0,0.0
342,13-06-2020,0.0,0.0,0.0,0.0,0.0,0.0
343,12-06-2020,0.0,0.0,0.0,0.0,0.0,0.0
344,11-06-2020,0.0,0.0,0.0,0.0,0.0,0.0
345,10-06-2020,0.0,0.0,0.0,0.0,0.0,0.0
346,09-06-2020,0.0,0.0,0.0,0.0,0.0,0.0
347,08-06-2020,0.0,0.0,0.0,0.0,0.0,0.0
348,07-06-2020,0.0,0.0,0.0,0.0,0.0,0.0
349,06-06-2020,0.0,0.0,0.0,0.0,0.0,0.0
350,05-06-2020,0.0,0.0,0.0,0.0,0.0,0.0
351,04-06-2020,0.0,0.0,0.0,0.0,0.0,0.0
352,03-06-2020,0.0,0.0,0.0,0.0,0.0,0.0
353,02-06-2020,0.0,0.0,0.0,0.0,0.0,0.0
354,01-06-2020,0.0,0.0,0.0,0.0,0.0,0.0
355,31-05-2020,0.0,0.0,0.0,0.0,0.0,0.0
356,30-05-2020,0.0,0.0,0.0,0.0,0.0,0.0
357,29-05-2020,0.0,0.0,0.0,0.0,0.0,0.0
358,28-05-2020,0.0,0.0,0.0,0.0,0.0,0.0
359,27-05-2020,0.0,0.0,0.0,0.0,0.0,0.0
360,26-05-2020,0.0,0.0,0.0,0.0,0.0,0.0
361,25-05-2020,0.0,0.0,0.0,0.0,0.0,0.0
362,24-05-2020,0.0,0.0,0.0,0.0,0.0,0.0
363,23-05-2020,0.0,0.0,0.0,0.0,0.0,0.0
364,22-05-2020,0.0,0.0,0.0,0.0,0.0,0.0
365,21-05-2020,0.0,0.0,0.0,0.0,0.0,0.0
366,20-05-2020,0.0,0.0,0.0,0.0,0.0,0.0
367,19-05-2020,0.0,0.0,0.0,0.0,0.0,0.0
368,18-05-2020,0.0,0.0,0.0,0.0,0.0,0.0
369,17-05-2020,0.0,0.0,0.0,0.0,0.0,0.0
370,16-05-2020,0.0,0.0,0.0,0.0,0.0,0.0
371,15-05-2020,0.0,0.0,0.0,0.0,0.0,0.0
372,14-05-2020,0.0,0.0,0.0,0.0,0.0,0.0
373,13-05-2020,0.0,0.0,0.0,0.0,0.0,0.0
374,12-05-2020,0.0,0.0,0.0,0.0,0.0,0.0
375,11-05-2020,0.0,0.0,0.0,0.0,0.0,0.0
376,10-05-2020,0.0,0.0,0.0,0.0,0.0,0.0
377,09-05-2020,0.0,0.0,0.0,0.0,0.0,0.0
378,08-05-2020,0.0,0.0,0.0,0.0,0.0,0.0
379,07-05-2020,0.0,0.0,0.0,0.0,0.0,0.0
380,06-05-2020,0.0,0.0,0.0,0.0,0.0,0.0
381,05-05-2020,0.0,0.0,0.0,0.0,0.0,0.0
382,04-05-2020,0.0,0.0,0.0,0.0,0.0,0.0
383,03-05-2020,0.0,0.0,0.0,0.0,0.0,0.0
384,02-05-2020,0.0,0.0,0.0,0.0,0.0,0.0
385,01-05-2020,0.0,0.0,0.0,0.0,0.0,0.0
386,30-04-2020,0.0,0.0,0.0,0.0,0.0,0.0
387,29-04-2020,0.0,0.0,0.0,0.0,0.0,0.0
388,28-04-2020,0.0,0.0,0.0,0.0,0.0,0.0
389,27-04-2020,0.0,0.0,0.0,0.0,0.0,0.0
390,26-04-2020,0.0,0.0,0.0,0.0,0.0,0.0
391,25-04-2020,0.0,0.0,0.0,0.0,0.0,0.0
392,24-04-2020,0.0,0.0,0.0,0.0,0.0,0.0
393,23-04-2020,0.0,0.0,0.0,0.0,0.0,0.0
394,22-04-2020,0.0,0.0,0.0,0.0,0.0,0.0
395,21-04-2020,0.0,0.0,0.0,0.0,0.0,0.0
396,20-04-2020,0.0,0.0,0.0,0.0,0.0,0.0
397,19-04-2020,0.0,0.0,0.0,0.0,0.0,0.0
398,18-04-2020,0.0,0.0,0.0,0.0,0.0,0.0
399,17-04-2020,0.0,0.0,0.0,0.0,0.0,0.0
400,16-04-2020,0.0,0.0,0.0,0.0,0.0,0.0
401,15-04-2020,0.0,0.0,0.0,0.0,0.0,0.0
402,14-04-2020,0.0,0.0,0.0,0.0,0.0,0.0
403,13-04-2020,0.0,0.0,0.0,0.0,0.0,0.0
404,12-04-2020,0.0,0.0,0.0,0.0,0.0,0.0
405,11-04-2020,0.0,0.0,0.0,0.0,0.0,0.0
406,10-04-2020,0.0,0.0,0.0,0.0,0.0,0.0
407,09-04-2020,0.0,0.0,0.0,0.0,0.0,0.0
408,08-04-2020,0.0,0.0,0.0,0.0,0.0,0.0
409,07-04-2020,0.0,0.0,0.0,0.0,0.0,0.0
410,06-04-2020,0.0,0.0,0.0,0.0,0.0,0.0
411,05-04-2020,0.0,0.0,0.0,0.0,0.0,0.0
412,04-04-2020,0.0,0.0,0.0,0.0,0.0,0.0
413,03-04-2020,0.0,0.0,0.0,0.0,0.0,0.0
414,02-04-2020,0.0,0.0,0.0,0.0,0.0,0.0
415,01-04-2020,0.0,0.0,0.0,0.0,0.0,0.0
416,31-03-2020,0.0,0.0,0.0,0.0,0.0,0.0
417,30-03-2020,0.0,0.0,0.0,0.0,0.0,0.0
418,29-03-2020,0.0,0.0,0.0,0.0,0.0,0.0
419,28-03-2020,0.0,0.0,0.0,0.0,0.0,0.0
420,27-03-2020,0.0,0.0,0.0,0.0,0.0,0.0
421,26-03-2020,0.0,0.0,0.0,0.0,0.0,0.0
422,25-03-2020,0.0,0.0,0.0,0.0,0.0,0.0
423,24-03-2020,0.0,0.0,0.0,0.0,0.0,0.0
424,23-03-2020,0.0,0.0,0.0,0.0,0.0,0.0
425,22-03-2020,0.0,0.0,0.0,0.0,0.0,0.0
426,21-03-2020,0.0,0.0,0.0,0.0,0.0,0.0
427,20-03-2020,0.0,0.0,0.0,0.0,0.0,0.0
428,19-03-2020,0.0,0.0,0.0,0.0,0.0,0.0
429,18-03-2020,0.0,0.0,0.0,0.0,0.0,0.0
430,17-03-2020,0.0,0.0,0.0,0.0,0.0,0.0
431,16-03-2020,0.0,0.0,0.0,0.0,0.0,0.0
432,15-03-2020,0.0,0.0,0.0,0.0,0.0,0.0
433,14-03-2020,0.0,0.0,0.0,0.0,0.0,0.0
434,13-03-2020,0.0,0.0,0.0,0.0,0.0,0.0
435,12-03-2020,0.0,0.0,0.0,0.0,0.0,0.0
436,11-03-2020,0.0,0.0,0.0,0.0,0.0,0.0
437,10-03-2020,0.0,0.0,0.0,0.0,0.0,0.0
438,09-03-2020,0.0,0.0,0.0,0.0,0.0,0.0
439,08-03-2020,0.0,0.0,0.0,0.0,0.0,0.0
440,07-03-2020,0.0,0.0,0.0,0.0,0.0,0.0
441,06-03-2020,0.0,0.0,0.0,0.0,0.0,0.0
442,05-03-2020,0.0,0.0,0.0,0.0,0.0,0.0
443,04-03-2020,0.0,0.0,0.0,0.0,0.0,0.0
444,03-03-2020,0.0,0.0,0.0,0.0,0.0,0.0
445,02-03-2020,0.0,0.0,0.0,0.0,0.0,0.0
446,01-03-2020,0.0,0.0,0.0,0.0,0.0,0.0
447,29-02-2020,0.0,0.0,0.0,0.0,0.0,0.0
448,28-02-2020,0.0,0.0,0.0,0.0,0.0,0.0
449,27-02-2020,0.0,0.0,0.0,0.0,0.0,0.0
450,26-02-2020,0.0,0.0,0.0,0.0,0.0,0.0
451,25-02-2020,0.0,0.0,0.0,0.0,0.0,0.0
452,24-02-2020,0.0,0.0,0.0,0.0,0.0,0.0
453,23-02-2020,0.0,0.0,0.0,0.0,0.0,0.0
454,22-02-2020,0.0,0.0,0.0,0.0,0.0,0.0
455,21-02-2020,0.0,0.0,0.0,0.0,0.0,0.0
456,20-02-2020,0.0,0.0,0.0,0.0,0.0,0.0
457,19-02-2020,0.0,0.0,0.0,0.0,0.0,0.0
458,18-02-2020,0.0,0.0,0.0,0.0,0.0,0.0
459,17-02-2020,0.0,0.0,0.0,0.0,0.0,0.0
460,16-02-2020,0.0,0.0,0.0,0.0,0.0,0.0
461,15-02-2020,0.0,0.0,0.0,0.0,0.0,0.0
462,14-02-2020,0.0,0.0,0.0,0.0,0.0,0.0
463,13-02-2020,0.0,0.0,0.0,0.0,0.0,0.0
464,12-02-2020,0.0,0.0,0.0,0.0,0.0,0.0
465,11-02-2020,0.0,0.0,0.0,0.0,0.0,0.0
466,10-02-2020,0.0,0.0,0.0,0.0,0.0,0.0
467,09-02-2020,0.0,0.0,0.0,0.0,0.0,0.0
468,08-02-2020,0.0,0.0,0.0,0.0,0.0,0.0
469,07-02-2020,0.0,0.0,0.0,0.0,0.0,0.0
470,06-02-2020,0.0,0.0,0.0,0.0,0.0,0.0
471,05-02-2020,0.0,0.0,0.0,0.0,0.0,0.0
472,04-02-2020,0.0,0.0,0.0,0.0,0.0,0.0
473,03-02-2020,0.0,0.0,0.0,0.0,0.0,0.0
474,02-02-2020,0.0,0.0,0.0,0.0,0.0,0.0
475,01-02-2020,0.0,0.0,0.0,0.0,0.0,0.0
476,31-01-2020,0.0,0.0,0.0,0.0,0.0,0.0
477,30-01-2020,0.0,0.0,0.0,0.0,0.0,0.0
478,29-01-2020,0.0,0.0,0.0,0.0,0.0,0.0
479,28-01-2020,0.0,0.0,0.0,0.0,0.0,0.0
480,27-01-2020,0.0,0.0,0.0,0.0,0.0,0.0
481,26-01-2020,0.0,0.0,0.0,0.0,0.0,0.0
482,25-01-2020,0.0,0.0,0.0,0.0,0.0,0.0
483,24-01-2020,0.0,0.0,0.0,0.0,0.0,0.0
484,23-01-2020,0.0,0.0,0.0,0.0,0.0,0.0
485,22-01-2020,0.0,0.0,0.0,0.0,0.0,0.0
486,21-01-2020,0.0,0.0,0.0,0.0,0.0,0.0
487,20-01-2020,0.0,0.0,0.0,0.0,0.0,0.0
488,19-01-2020,0.0,0.0,0.0,0.0,0.0,0.0
489,18-01-2020,0.0,0.0,0.0,0.0,0.0,0.0
490,17-01-2020,0.0,0.0,0.0,0.0,0.0,0.0
491,16-01-2020,0.0,0.0,0.0,0.0,0.0,0.0
492,15-01-2020,0.0,0.0,0.0,0.0,0.0,0.0
493,14-01-2020,0.0,0.0,0.0,0.0,0.0,0.0
494,13-01-2020,0.0,0.0,0.0,0.0,0.0,0.0
495,12-01-2020,0.0,0.0,0.0,0.0,0.0,0.0
496,11-01-2020,0.0,0.0,0.0,0.0,0.0,0.0
497,10-01-2020,0.0,0.0,0.0,0.0,0.0,0.0
498,09-01-2020,0.0,0.0,0.0,0.0,0.0,0.0
499,08-01-2020,0.0,0.0,0.0,0.0,0.0,0.0
500,07-01-2020,0.0,0.0,0.0,0.0,0.0,0.0
501,06-01-2020,0.0,0.0,0.0,0.0,0.0,0.0
502,05-01-2020,0.0,0.0,0.0,0.0,0.0,0.0
503,04-01-2020,0.0,0.0,0.0,0.0,0.0,0.0
504,03-01-2020,0.0,0.0,0.0,0.0,0.0,0.0
505,02-01-2020,0.0,0.0,0.0,0.0,0.0,0.0
506,01-01-2020,0.0,0.0,0.0,0.0,0.0,0.0
507,31-12-2019,0.0,0.0,0.0,0.0,0.0,0.0
508,30-12-2019,0.0,0.0,0.0,0.0,0.0,0.0
509,29-12-2019,0.0,0.0,0.0,0.0,0.0,0.0
510,28-12-2019,0.0,0.0,0.0,0.0,0.0,0.0
511,27-12-2019,0.0,0.0,0.0,0.0,0.0,0.0
512,26-12-2019,0.0,0.0,0.0,0.0,0.0,0.0
513,25-12-2019,0.0,0.0,0.0,0.0,0.0,0.0
514,24-12-2019,0.0,0.0,0.0,0.0,0.0,0.0
515,23-12-2019,0.0,0.0,0.0,0.0,0.0,0.0
516,22-12-2019,0.0,0.0,0.0,0.0,0.0,0.0
517,21-12-2019,0.0,0.0,0.0,0.0,0.0,0.0
518,20-12-2019,0.0,0.0,0.0,0.0,0.0,0.0
519,19-12-2019,0.0,0.0,0.0,0.0,0.0,0.0
520,18-12-2019,0.0,0.0,0.0,0.0,0.0,0.0
521,17-12-2019,0.0,0.0,0.0,0.0,0.0,0.0
522,16-12-2019,0.0,0.0,0.0,0.0,0.0,0.0
523,15-12-2019,0.0,0.0,0.0,0.0,0.0,0.0
524,14-12-2019,0.0,0.0,0.0,0.0,0.0,0.0
525,13-12-2019,0.0,0.0,0.0,0.0,0.0,0.0
526,12-12-2019,0.0,0.0,0.0,0.0,0.0,0.0
527,11-12-2019,0.0,0.0,0.0,0.0,0.0,0.0
528,10-12-2019,0.0,0.0,0.0,0.0,0.0,0.0
529,09-12-2019,0.0,0.0,0.0,0.0,0.0,0.0
530,08-12-2019,0.0,0.0,0.0,0.0,0.0,0.0
531,07-12-2019,0.0,0.0,0.0,0.0,0.0,0.0
532,06-12-2019,0.0,0.0,0.0,0.0,0.0,0.0
533,05-12-2019,0.0,0.0,0.0,0.0,0.0,0.0
534,04-12-2019,0.0,0.0,0.0,0.0,0.0,0.0
535,03-12-2019,0.0,0.0,0.0,0.0,0.0,0.0
536,02-12-2019,0.0,0.0,0.0,0.0,0.0,0.0
537,01-12-2019,0.0,0.0,0.0,0.0,0.0,0.0
538,30-11-2019,0.0,0.0,0.0,0.0,0.0,0.0
539,29-11-2019,0.0,0.0,0.0,0.0,0.0,0.0
540,28-11-2019,0.0,0.0,0.0,0.0,0.0,0.0
541,27-11-2019,0.0,0.0,0.0,0.0,0.0,0.0
542,26-11-2019,0.0,0.0,0.0,0.0,0.0,0.0
543,25-11-2019,0.0,0.0,0.0,0.0,0.0,0.0
544,24-11-2019,0.0,0.0,0.0,0.0,0.0,0.0
545,23-11-2019,0.0,0.0,0.0,0.0,0.0,0.0
546,22-11-2019,0.0,0.0,0.0,0.0,0.0,0.0
547,21-11-2019,0.0,0.0,0.0,0.0,0.0,0.0
548,20-11-2019,0.0,0.0,0.0,0.0,0.0,0.0
549,19-11-2019,0.0,0.0,0.0,0.0,0.0,0.0
550,18-11-2019,0.0,0.0,0.0,0.0,0.0,0.0
551,17-11-2019,0.0,0.0,0.0,0.0,0.0,0.0
552,16-11-2019,0.0,0.0,0.0,0.0,0.0,0.0
553,15-11-2019,0.0,0.0,0.0,0.0,0.0,0.0
554,14-11-2019,0.0,0.0,0.0,0.0,0.0,0.0
555,13-11-2019,0.0,0.0,0.0,0.0,0.0,0.0
556,12-11-2019,0.0,0.0,0.0,0.0,0.0,0.0
557,11-11-2019,0.0,0.0,0.0,0.0,0.0,0.0
558,10-11-2019,0.0,0.0,0.0,0.0,0.0,0.0
559,09-11-2019,0.0,0.0,0.0,0.0,0.0,0.0
560,08-11-2019,0.0,0.0,0.0,0.0,0.0,0.0
561,07-11-2019,0.0,0.0,0.0,0.0,0.0,0.0
562,06-11-2019,0.0,0.0,0.0,0.0,0.0,0.0
563,05-11-2019,0.0,0.0,0.0,0.0,0.0,0.0
564,04-11-2019,0.0,0.0,0.0,0.0,0.0,0.0
565,03-11-2019,0.0,0.0,0.0,0.0,0.0,0.0
566,02-11-2019,0.0,0.0,0.0,0.0,0.0,0.0
567,01-11-2019,0.0,0.0,0.0,0.0,0.0,0.0
568,31-10-2019,0.0,0.0,0.0,0.0,0.0,0.0
569,30-10-2019,0.0,0.0,0.0,0.0,0.0,0.0
570,29-10-2019,0.0,0.0,0.0,0.0,0.0,0.0
571,28-10-2019,0.0,0.0,0.0,0.0,0.0,0.0
572,27-10-2019,0.0,0.0,0.0,0.0,0.0,0.0
573,26-10-2019,0.0,0.0,0.0,0.0,0.0,0.0
574,25-10-2019,0.0,0.0,0.0,0.0,0.0,0.0
575,24-10-2019,0.0,0.0,0.0,0.0,0.0,0.0
576,23-10-2019,0.0,0.0,0.0,0.0,0.0,0.0
577,22-10-2019,0.0,0.0,0.0,0.0,0.0,0.0
578,21-10-2019,0.0,0.0,0.0,0.0,0.0,0.0
579,20-10-2019,0.0,0.0,0.0,0.0,0.0,0.0
580,19-10-2019,0.0,0.0,0.0,0.0,0.0,0.0
581,18-10-2019,0.0,0.0,0.0,0.0,0.0,0.0
582,17-10-2019,0.0,0.0,0.0,0.0,0.0,0.0
583,16-10-2019,0.0,0.0,0.0,0.0,0.0,0.0
584,15-10-2019,0.0,0.0,0.0,0.0,0.0,0.0
585,14-10-2019,0.0,0.0,0.0,0.0,0.0,0.0
586,13-10-2019,0.0,0.0,0.0,0.0,0.0,0.0
587,12-10-2019,0.0,0.0,0.0,0.0,0.0,0.0
588,11-10-2019,0.0,0.0,0.0,0.0,0.0,0.0
589,10-10-2019,0.0,0.0,0.0,0.0,0.0,0.0
590,09-10-2019,0.0,0.0,0.0,0.0,0.0,0.0
591,08-10-2019,0.0,0.0,0.0,0.0,0.0,0.0
592,07-10-2019,0.0,0.0,0.0,0.0,0.0,0.0
593,06-10-2019,0.0,0.0,0.0,0.0,0.0,0.0
594,05-10-2019,0.0,0.0,0.0,0.0,0.0,0.0
595,04-10-2019,0.0,0.0,0.0,0.0,0.0,0.0
596,03-10-2019,0.0,0.0,0.0,0.0,0.0,0.0
597,02-10-2019,0.0,0.0,0.0,0.0,0.0,0.0
598,01-10-2019,0.0,0.0,0.0,0.0,0.0,0.0
599,30-09-2019,0.0,0.0,0.0,0.0,0.0,0.0
600,29-09-2019,0.0,0.0,0.0,0.0,0.0,0.0
601,28-09-2019,0.0,0.0,0.0,0.0,0.0,0.0
602,27-09-2019,0.0,0.0,0.0,0.0,0.0,0.0
603,26-09-2019,0.0,0.0,0.0,0.0,0.0,0.0
604,25-09-2019,0.0,0.0,0.0,0.0,0.0,0.0
605,24-09-2019,0.0,0.0,0.0,0.0,0.0,0.0
606,23-09-2019,0.0,0.0,0.0,0.0,0.0,0.0
607,22-09-2019,0.0,0.0,0.0,0.0,0.0,0.0
608,21-09-2019,0.0,0.0,0.0,0.0,0.0,0.0
609,20-09-2019,0.0,0.0,0.0,0.0,0.0,0.0
610,19-09-2019,0.0,0.0,0.0,0.0,0.0,0.0
611,18-09-2019,0.0,0.0,0.0,0.0,0.0,0.0
612,17-09-2019,0.0,0.0,0.0,0.0,0.0,0.0
613,16-09-2019,0.0,0.0,0.0,0.0,0.0,0.0
614,15-09-2019,0.0,0.0,0.0,0.0,0.0,0.0
615,14-09-2019,0.0,0.0,0.0,0.0,0.0,0.0
616,13-09-2019,0.0,0.0,0.0,0.0,0.0,0.0
617,12-09-2019,0.0,0.0,0.0,0.0,0.0,0.0
618,11-09-2019,0.0,0.0,0.0,0.0,0.0,0.0
619,10-09-2019,0.0,0.0,0.0,0.0,0.0,0.0
620,09-09-2019,0.0,0.0,0.0,0.0,0.0,0.0
621,08-09-2019,0.0,0.0,0.0,0.0,0.0,0.0
622,07-09-2019,0.0,0.0,0.0,0.0,0.0,0.0
623,06-09-2019,0.0,0.0,0.0,0.0,0.0,0.0
624,05-09-2019,0.0,0.0,0.0,0.0,0.0,0.0
625,04-09-2019,0.0,0.0,0.0,0.0,0.0,0.0
626,03-09-2019,0.0,0.0,0.0,0.0,0.0,0.0
627,02-09-2019,0.0,0.0,0.0,0.0,0.0,0.0
628,01-09-2019,0.0,0.0,0.0,0.0,0.0,0.0
629,31-08-2019,0.0,0.0,0.0,0.0,0.0,0.0
630,30-08-2019,0.0,0.0,0.0,0.0,0.0,0.0
631,29-08-2019,0.0,0.0,0.0,0.0,0.0,0.0
632,28-08-2019,0.0,0.0,0.0,0.0,0.0,0.0
633,27-08-2019,0.0,0.0,0.0,0.0,0.0,0.0
634,26-08-2019,0.0,0.0,0.0,0.0,0.0,0.0
635,25-08-2019,0.0,0.0,0.0,0.0,0.0,0.0
636,24-08-2019,0.0,0.0,0.0,0.0,0.0,0.0
637,23-08-2019,0.0,0.0,0.0,0.0,0.0,0.0
638,22-08-2019,0.0,0.0,0.0,0.0,0.0,0.0
639,21-08-2019,0.0,0.0,0.0,0.0,0.0,0.0
640,20-08-2019,0.0,0.0,0.0,0.0,0.0,0.0
641,19-08-2019,0.0,0.0,0.0,0.0,0.0,0.0
642,18-08-2019,0.0,0.0,0.0,0.0,0.0,0.0
643,17-08-2019,0.0,0.0,0.0,0.0,0.0,0.0
644,16-08-2019,0.0,0.0,0.0,0.0,0.0,0.0
645,15-08-2019,0.0,0.0,0.0,0.0,0.0,0.0
646,14-08-2019,0.0,0.0,0.0,0.0,0.0,0.0
647,13-08-2019,0.0,0.0,0.0,0.0,0.0,0.0
648,12-08-2019,0.0,0.0,0.0,0.0,0.0,0.0
649,11-08-2019,0.0,0.0,0.0,0.0,0.0,0.0
650,10-08-2019,0.0,0.0,0.0,0.0,0.0,0.0
651,09-08-2019,0.0,0.0,0.0,0.0,0.0,0.0
652,08-08-2019,0.0,0.0,0.0,0.0,0.0,0.0
653,07-08-2019,0.0,0.0,0.0,0.0,0.0,0.0
654,06-08-2019,0.0,0.0,0.0,0.0,0.0,0.0
655,05-08-2019,0.0,0.0,0.0,0.0,0.0,0.0
656,04-08-2019,0.0,0.0,0.0,0.0,0.0,0.0
657,03-08-2019,0.0,0.0,0.0,0.0,0.0,0.0
658,02-08-2019,0.0,0.0,0.0,0.0,0.0,0.0
659,01-08-2019,0.0,0.0,0.0,0.0,0.0,0.0
660,31-07-2019,0.0,0.0,0.0,0.0,0.0,0.0
661,30-07-2019,0.0,0.0,0.0,0.0,0.0,0.0
662,29-07-2019,0.0,0.0,0.0,0.0,0.0,0.0
663,28-07-2019,0.0,0.0,0.0,0.0,0.0,0.0
664,27-07-2019,0.0,0.0,0.0,0.0,0.0,0.0
665,26-07-2019,0.0,0.0,0.0,0.0,0.0,0.0
666,25-07-2019,0.0,0.0,0.0,0.0,0.0,0.0
667,24-07-2019,0.0,0.0,0.0,0.0,0.0,0.0
668,23-07-2019,0.0,0.0,0.0,0.0,0.0,0.0
669,22-07-2019,0.0,0.0,0.0,0.0,0.0,0.0
670,21-07-2019,0.0,0.0,0.0,0.0,0.0,0.0
671,20-07-2019,0.0,0.0,0.0,0.0,0.0,0.0
672,19-07-2019,0.0,0.0,0.0,0.0,0.0,0.0
673,18-07-2019,0.0,0.0,0.0,0.0,0.0,0.0
674,17-07-2019,0.0,0.0,0.0,0.0,0.0,0.0
675,16-07-2019,0.0,0.0,0.0,0.0,0.0,0.0
676,15-07-2019,0.0,0.0,0.0,0.0,0.0,0.0
677,14-07-2019,0.0,0.0,0.0,0.0,0.0,0.0
678,13-07-2019,0.0,0.0,0.0,0.0,0.0,0.0
679,12-07-2019,0.0,0.0,0.0,0.0,0.0,0.0
680,11-07-2019,0.0,0.0,0.0,0.0,0.0,0.0
681,10-07-2019,0.0,0.0,0.0,0.0,0.0,0.0
682,09-07-2019,0.0,0.0,0.0,0.0,0.0,0.0
683,08-07-2019,0.0,0.0,0.0,0.0,0.0,0.0
684,07-07-2019,0.0,0.0,0.0,0.0,0.0,0.0
685,06-07-2019,0.0,0.0,0.0,0.0,0.0,0.0
686,05-07-2019,0.0,0.0,0.0,0.0,0.0,0.0
687,04-07-2019,0.0,0.0,0.0,0.0,0.0,0.0
688,03-07-2019,0.0,0.0,0.0,0.0,0.0,0.0
689,02-07-2019,0.0,0.0,0.0,0.0,0.0,0.0
690,01-07-2019,0.0,0.0,0.0,0.0,0.0,0.0
691,30-06-2019,0.0,0.0,0.0,0.0,0.0,0.0
692,29-06-2019,0.0,0.0,0.0,0.0,0.0,0.0
693,28-06-2019,0.0,0.0,0.0,0.0,0.0,0.0
694,27-06-2019,0.0,0.0,0.0,0.0,0.0,0.0
695,26-06-2019,0.0,0.0,0.0,0.0,0.0,0.0
696,25-06-2019,0.0,0.0,0.0,0.0,0.0,0.0
697,24-06-2019,0.0,0.0,0.0,0.0,0.0,0.0
698,23-06-2019,0.0,0.0,0.0,0.0,0.0,0.0
699,22-06-2019,0.0,0.0,0.0,0.0,0.0,0.0
700,21-06-2019,0.0,0.0,0.0,0.0,0.0,0.0
701,20-06-2019,0.0,0.0,0.0,0.0,0.0,0.0
702,19-06-2019,0.0,0.0,0.0,0.0,0.0,0.0
703,18-06-2019,0.0,0.0,0.0,0.0,0.0,0.0
704,17-06-2019,0.0,0.0,0.0,0.0,0.0,0.0
705,16-06-2019,0.0,0.0,0.0,0.0,0.0,0.0
706,15-06-2019,0.0,0.0,0.0,0.0,0.0,0.0
707,14-06-2019,0.0,0.0,0.0,0.0,0.0,0.0
708,13-06-2019,0.0,0.0,0.0,0.0,0.0,0.0
709,12-06-2019,0.0,0.0,0.0,0.0,0.0,0.0
710,11-06-2019,0.0,0.0,0.0,0.0,0.0,0.0
711,10-06-2019,0.0,0.0,0.0,0.0,0.0,0.0
712,09-06-2019,0.0,0.0,0.0,0.0,0.0,0.0
713,08-06-2019,0.0,0.0,0.0,0.0,0.0,0.0
714,07-06-2019,0.0,0.0,0.0,0.0,0.0,0.0
715,06-06-2019,0.0,0.0,0.0,0.0,0.0,0.0
716,05-06-2019,0.0,0.0,0.0,0.0,0.0,0.0
717,04-06-2019,0.0,0.0,0.0,0.0,0.0,0.0
718,03-06-2019,0.0,0.0,0.0,0.0,0.0,0.0
719,02-06-2019,0.0,0.0,0.0,0.0,0.0,0.0
720,01-06-2019,0.0,0.0,0.0,0.0,0.0,0.0
721,31-05-2019,0.0,0.0,0.0,0.0,0.0,0.0
722,30-05-2019,0.0,0.0,0.0,0.0,0.0,0.0
723,29-05-2019,0.0,0.0,0.0,0.0,0.0,0.0
724,28-05-2019,0.0,0.0,0.0,0.0,0.0,0.0
725,27-05-2019,0.0,0.0,0.0,0.0,0.0,0.0
726,26-05-2019,0.0,0.0,0.0,0.0,0.0,0.0
727,25-05-2019,0.0,0.0,0.0,0.0,0.0,0.0
728,24-05-2019,0.0,0.0,0.0,0.0,0.0,0.0
729,23-05-2019,0.0,0.0,0.0,0.0,0.0,0.0
730,22-05-2019,0.0,0.0,0.0,0.0,0.0,0.0
731,21-05-2019,0.0,0.0,0.0,0.0,0.0,0.0
732,20-05-2019,0.0,0.0,0.0,0.0,0.0,0.0
733,19-05-2019,0.0,0.0,0.0,0.0,0.0,0.0
734,18-05-2019,0.0,0.0,0.0,0.0,0.0,0.0
735,17-05-2019,0.0,0.0,0.0,0.0,0.0,0.0
736,16-05-2019,0.0,0.0,0.0,0.0,0.0,0.0
737,15-05-2019,0.0,0.0,0.0,0.0,0.0,0.0
738,14-05-2019,0.0,0.0,0.0,0.0,0.0,0.0
739,13-05-2019,0.0,0.0,0.0,0.0,0.0,0.0
740,12-05-2019,0.0,0.0,0.0,0.0,0.0,0.0
741,11-05-2019,0.0,0.0,0.0,0.0,0.0,0.0
742,10-05-2019,0.0,0.0,0.0,0.0,0.0,0.0
743,09-05-2019,0.0,0.0,0.0,0.0,0.0,0.0
744,08-05-2019,0.0,0.0,0.0,0.0,0.0,0.0
745,07-05-2019,0.0,0.0,0.0,0.0,0.0,0.0
746,06-05-2019,0.0,0.0,0.0,0.0,0.0,0.0
747,05-05-2019,0.0,0.0,0.0,0.0,0.0,0.0
748,04-05-2019,0.0,0.0,0.0,0.0,0.0,0.0
749,03-05-2019,0.0,0.0,0.0,0.0,0.0,0.0
750,02-05-2019,0.0,0.0,0.0,0.0,0.0,0.0
751,01-05-2019,0.0,0.0,0.0,0.0,0.0,0.0
752,30-04-2019,0.0,0.0,0.0,0.0,0.0,0.0
753,29-04-2019,0.0,0.0,0.0,0.0,0.0,0.0
754,28-04-2019,0.0,0.0,0.0,0.0,0.0,0.0
755,27-04-2019,0.0,0.0,0.0,0.0,0.0,0.0
756,26-04-2019,0.0,0.0,0.0,0.0,0.0,0.0
757,25-04-2019,0.0,0.0,0.0,0.0,0.0,0.0
758,24-04-2019,0.0,0.0,0.0,0.0,0.0,0.0
759,23-04-2019,0.0,0.0,0.0,0.0,0.0,0.0
760,22-04-2019,0.0,0.0,0.0,0.0,0.0,0.0
761,21-04-2019,0.0,0.0,0.0,0.0,0.0,0.0
762,20-04-2019,0.0,0.0,0.0,0.0,0.0,0.0
763,19-04-2019,0.0,0.0,0.0,0.0,0.0,0.0
764,18-04-2019,0.0,0.0,0.0,0.0,0.0,0.0
765,17-04-2019,0.0,0.0,0.0,0.0,0.0,0.0
766,16-04-2019,0.0,0.0,0.0,0.0,0.0,0.0
767,15-04-2019,0.0,0.0,0.0,0.0,0.0,0.0
768,14-04-2019,0.0,0.0,0.0,0.0,0.0,0.0
769,13-04-2019,0.0,0.0,0.0,0.0,0.0,0.0
770,12-04-2019,0.0,0.0,0.0,0.0,0.0,0.0
771,11-04-2019,0.0,0.0,0.0,0.0,0.0,0.0
772,10-04-2019,0.0,0.0,0.0,0.0,0.0,0.0
773,09-04-2019,0.0,0.0,0.0,0.0,0.0,0.0
774,08-04-2019,0.0,0.0,0.0,0.0,0.0,0.0
775,07-04-2019,0.0,0.0,0.0,0.0,0.0,0.0
776,06-04-2019,0.0,0.0,0.0,0.0,0.0,0.0
777,05-04-2019,0.0,0.0,0.0,0.0,0.0,0.0
778,04-04-2019,0.0,0.0,0.0,0.0,0.0,0.0
779,03-04-2019,0.0,0.0,0.0,0.0,0.0,0.0
780,02-04-2019,0.0,0.0,0.0,0.0,0.0,0.0
781,01-04-2019,0.0,0.0,0.0,0.0,0.0,0.0
782,31-03-2019,0.0,0.0,0.0,0.0,0.0,0.0
783,30-03-2019,0.0,0.0,0.0,0.0,0.0,0.0
784,29-03-2019,0.0,0.0,0.0,0.0,0.0,0.0
785,28-03-2019,0.0,0.0,0.0,0.0,0.0,0.0
786,27-03-2019,0.0,0.0,0.0,0.0,0.0,0.0
787,26-03-2019,0.0,0.0,0.0,0.0,0.0,0.0
788,25-03-2019,0.0,0.0,0.0,0.0,0.0,0.0
789,24-03-2019,0.0,0.0,0.0,0.0,0.0,0.0
790,23-03-2019,0.0,0.0,0.0,0.0,0.0,0.0
791,22-03-2019,0.0,0.0,0.0,0.0,0.0,0.0
792,21-03-2019,0.0,0.0,0.0,0.0,0.0,0.0
793,20-03-2019,0.0,0.0,0.0,0.0,0.0,0.0
794,19-03-2019,0.0,0.0,0.0,0.0,0.0,0.0
795,18-03-2019,0.0,0.0,0.0,0.0,0.0,0.0
796,17-03-2019,0.0,0.0,0.0,0.0,0.0,0.0
797,16-03-2019,0.0,0.0,0.0,0.0,0.0,0.0
798,15-03-2019,0.0,0.0,0.0,0.0,0.0,0.0
799,14-03-2019,0.0,0.0,0.0,0.0,0.0,0.0
800,13-03-2019,0.0,0.0,0.0,0.0,0.0,0.0
801,12-03-2019,0.0,0.0,0.0,0.0,0.0,0.0
802,11-03-2019,0.0,0.0,0.0,0.0,0.0,0.0
803,10-03-2019,0.0,0.0,0.0,0.0,0.0,0.0
804,09-03-2019,0.0,0.0,0.0,0.0,0.0,0.0
805,08-03-2019,0.0,0.0,0.0,0.0,0.0,0.0
806,07-03-2019,0.0,0.0,0.0,0.0,0.0,0.0
807,06-03-2019,0.0,0.0,0.0,0.0,0.0,0.0
808,05-03-2019,0.0,0.0,0.0,0.0,0.0,0.0
809,04-03-2019,0.0,0.0,0.0,0.0,0.0,0.0
810,03-03-2019,0.0,0.0,0.0,0.0,0.0,0.0
811,02-03-2019,0.0,0.0,0.0,0.0,0.0,0.0
812,01-03-2019,0.0,0.0,0.0,0.0,0.0,0.0
813,28-02-2019,0.0,0.0,0.0,0.0,0.0,0.0
814,27-02-2019,0.0,0.0,0.0,0.0,0.0,0.0
815,26-02-2019,0.0,0.0,0.0,0.0,0.0,0.0
816,25-02-2019,0.0,0.0,0.0,0.0,0.0,0.0
817,24-02-2019,0.0,0.0,0.0,0.0,0.0,0.0
818,23-02-2019,0.0,0.0,0.0,0.0,0.0,0.0
819,22-02-2019,0.0,0.0,0.0,0.0,0.0,0.0
820,21-02-2019,0.0,0.0,0.0,0.0,0.0,0.0
821,20-02-2019,0.0,0.0,0.0,0.0,0.0,0.0
822,19-02-2019,0.0,0.0,0.0,0.0,0.0,0.0
823,18-02-2019,0.0,0.0,0.0,0.0,0.0,0.0
824,17-02-2019,0.0,0.0,0.0,0.0,0.0,0.0
825,16-02-2019,0.0,0.0,0.0,0.0,0.0,0.0
826,15-02-2019,0.0,0.0,0.0,0.0,0.0,0.0
827,14-02-2019,0.0,0.0,0.0,0.0,0.0,0.0
828,13-02-2019,0.0,0.0,0.0,0.0,0.0,0.0
829,12-02-2019,0.0,0.0,0.0,0.0,0.0,0.0
830,11-02-2019,0.0,0.0,0.0,0.0,0.0,0.0
831,10-02-2019,0.0,0.0,0.0,0.0,0.0,0.0
832,09-02-2019,0.0,0.0,0.0,0.0,0.0,0.0
833,08-02-2019,0.0,0.0,0.0,0.0,0.0,0.0
834,07-02-2019,0.0,0.0,0.0,0.0,0.0,0.0
835,06-02-2019,0.0,0.0,0.0,0.0,0.0,0.0
836,05-02-2019,0.0,0.0,0.0,0.0,0.0,0.0
837,04-02-2019,0.0,0.0,0.0,0.0,0.0,0.0
838,03-02-2019,0.0,0.0,0.0,0.0,0.0,0.0
839,02-02-2019,0.0,0.0,0.0,0.0,0.0,0.0
840,01-02-2019,0.0,0.0,0.0,0.0,0.0,0.0
841,31-01-2019,0.0,0.0,0.0,0.0,0.0,0.0
842,30-01-2019,0.0,0.0,0.0,0.0,0.0,0.0
843,29-01-2019,0.0,0.0,0.0,0.0,0.0,0.0
844,28-01-2019,0.0,0.0,0.0,0.0,0.0,0.0
845,27-01-2019,0.0,0.0,0.0,0.0,0.0,0.0
846,26-01-2019,0.0,0.0,0.0,0.0,0.0,0.0
847,25-01-2019,0.0,0.0,0.0,0.0,0.0,0.0
848,24-01-2019,0.0,0.0,0.0,0.0,0.0,0.0
849,23-01-2019,0.0,0.0,0.0,0.0,0.0,0.0
850,22-01-2019,0.0,0.0,0.0,0.0,0.0,0.0
851,21-01-2019,0.0,0.0,0.0,0.0,0.0,0.0
852,20-01-2019,0.0,0.0,0.0,0.0,0.0,0.0
853,19-01-2019,0.0,0.0,0.0,0.0,0.0,0.0
854,18-01-2019,0.0,0.0,0.0,0.0,0.0,0.0
855,17-01-2019,0.0,0.0,0.0,0.0,0.0,0.0
856,16-01-2019,0.0,0.0,0.0,0.0,0.0,0.0
857,15-01-2019,0.0,0.0,0.0,0.0,0.0,0.0
858,14-01-2019,0.0,0.0,0.0,0.0,0.0,0.0
859,13-01-2019,0.0,0.0,0.0,0.0,0.0,0.0
860,12-01-2019,0.0,0.0,0.0,0.0,0.0,0.0
861,11-01-2019,0.0,0.0,0.0,0.0,0.0,0.0
862,10-01-2019,0.0,0.0,0.0,0.0,0.0,0.0
863,09-01-2019,0.0,0.0,0.0,0.0,0.0,0.0
864,08-01-2019,0.0,0.0,0.0,0.0,0.0,0.0
865,07-01-2019,0.0,0.0,0.0,0.0,0.0,0.0
866,06-01-2019,0.0,0.0,0.0,0.0,0.0,0.0
867,05-01-2019,0.0,0.0,0.0,0.0,0.0,0.0
868,04-01-2019,0.0,0.0,0.0,0.0,0.0,0.0
869,03-01-2019,0.0,0.0,0.0,0.0,0.0,0.0
870,02-01-2019,0.0,0.0,0.0,0.0,0.0,0.0
871,01-01-2019,0.0,0.0,0.0,0.0,0.0,0.0
872,31-12-2018,0.0,0.0,0.0,0.0,0.0,0.0
873,30-12-2018,0.0,0.0,0.0,0.0,0.0,0.0
874,29-12-2018,0.0,0.0,0.0,0.0,0.0,0.0
875,28-12-2018,0.0,0.0,0.0,0.0,0.0,0.0
876,27-12-2018,0.0,0.0,0.0,0.0,0.0,0.0
877,26-12-2018,0.0,0.0,0.0,0.0,0.0,0.0
878,25-12-2018,0.0,0.0,0.0,0.0,0.0,0.0
879,24-12-2018,0.0,0.0,0.0,0.0,0.0,0.0
880,23-12-2018,0.0,0.0,0.0,0.0,0.0,0.0
881,22-12-2018,0.0,0.0,0.0,0.0,0.0,0.0
882,21-12-2018,0.0,0.0,0.0,0.0,0.0,0.0
883,20-12-2018,0.0,0.0,0.0,0.0,0.0,0.0
884,19-12-2018,0.0,0.0,0.0,0.0,0.0,0.0
885,18-12-2018,0.0,0.0,0.0,0.0,0.0,0.0
886,17-12-2018,0.0,0.0,0.0,0.0,0.0,0.0
887,16-12-2018,0.0,0.0,0.0,0.0,0.0,0.0
888,15-12-2018,0.0,0.0,0.0,0.0,0.0,0.0
889,14-12-2018,0.0,0.0,0.0,0.0,0.0,0.0
890,13-12-2018,0.0,0.0,0.0,0.0,0.0,0.0
891,12-12-2018,0.0,0.0,0.0,0.0,0.0,0.0
892,11-12-2018,0.0,0.0,0.0,0.0,0.0,0.0
893,10-12-2018,0.0,0.0,0.0,0.0,0.0,0.0
894,09-12-2018,0.0,0.0,0.0,0.0,0.0,0.0
895,08-12-2018,0.0,0.0,0.0,0.0,0.0,0.0
896,07-12-2018,0.0,0.0,0.0,0.0,0.0,0.0
897,06-12-2018,0.0,0.0,0.0,0.0,0.0,0.0
898,05-12-2018,0.0,0.0,0.0,0.0,0.0,0.0
899,04-12-2018,0.0,0.0,0.0,0.0,0.0,0.0
900,03-12-2018,0.0,0.0,0.0,0.0,0.0,0.0
901,02-12-2018,0.0,0.0,0.0,0.0,0.0,0.0
902,01-12-2018,0.0,0.0,0.0,0.0,0.0,0.0
903,30-11-2018,0.0,0.0,0.0,0.0,0.0,0.0
904,29-11-2018,0.0,0.0,0.0,0.0,0.0,0.0
905,28-11-2018,0.0,0.0,0.0,0.0,0.0,0.0
906,27-11-2018,0.0,0.0,0.0,0.0,0.0,0.0
907,26-11-2018,0.0,0.0,0.0,0.0,0.0,0.0
908,25-11-2018,0.0,0.0,0.0,0.0,0.0,0.0
909,24-11-2018,0.0,0.0,0.0,0.0,0.0,0.0
910,23-11-2018,0.0,0.0,0.0,0.0,0.0,0.0
911,22-11-2018,0.0,0.0,0.0,0.0,0.0,0.0
912,21-11-2018,0.0,0.0,0.0,0.0,0.0,0.0
913,20-11-2018,0.0,0.0,0.0,0.0,0.0,0.0
914,19-11-2018,0.0,0.0,0.0,0.0,0.0,0.0
915,18-11-2018,0.0,0.0,0.0,0.0,0.0,0.0
916,17-11-2018,0.0,0.0,0.0,0.0,0.0,0.0
917,16-11-2018,0.0,0.0,0.0,0.0,0.0,0.0
918,15-11-2018,0.0,0.0,0.0,0.0,0.0,0.0
919,14-11-2018,0.0,0.0,0.0,0.0,0.0,0.0
920,13-11-2018,0.0,0.0,0.0,0.0,0.0,0.0
921,12-11-2018,0.0,0.0,0.0,0.0,0.0,0.0
922,11-11-2018,0.0,0.0,0.0,0.0,0.0,0.0
923,10-11-2018,0.0,0.0,0.0,0.0,0.0,0.0
924,09-11-2018,0.0,0.0,0.0,0.0,0.0,0.0
925,08-11-2018,0.0,0.0,0.0,0.0,0.0,0.0
926,07-11-2018,0.0,0.0,0.0,0.0,0.0,0.0
927,06-11-2018,0.0,0.0,0.0,0.0,0.0,0.0
928,05-11-2018,0.0,0.0,0.0,0.0,0.0,0.0
929,04-11-2018,0.0,0.0,0.0,0.0,0.0,0.0
930,03-11-2018,0.0,0.0,0.0,0.0,0.0,0.0
931,02-11-2018,0.0,0.0,0.0,0.0,0.0,0.0
932,01-11-2018,0.0,0.0,0.0,0.0,0.0,0.0
933,31-10-2018,0.0,0.0,0.0,0.0,0.0,0.0
934,30-10-2018,0.0,0.0,0.0,0.0,0.0,0.0
935,29-10-2018,0.0,0.0,0.0,0.0,0.0,0.0
936,28-10-2018,0.0,0.0,0.0,0.0,0.0,0.0
937,27-10-2018,0.0,0.0,0.0,0.0,0.0,0.0
938,26-10-2018,0.0,0.0,0.0,0.0,0.0,0.0
939,25-10-2018,0.0,0.0,0.0,0.0,0.0,0.0
940,24-10-2018,0.0,0.0,0.0,0.0,0.0,0.0
941,23-10-2018,0.0,0.0,0.0,0.0,0.0,0.0
942,22-10-2018,0.0,0.0,0.0,0.0,0.0,0.0
943,21-10-2018,0.0,0.0,0.0,0.0,0.0,0.0
944,20-10-2018,0.0,0.0,0.0,0.0,0.0,0.0
945,19-10-2018,0.0,0.0,0.0,0.0,0.0,0.0
946,18-10-2018,0.0,0.0,0.0,0.0,0.0,0.0
947,17-10-2018,0.0,0.0,0.0,0.0,0.0,0.0
948,16-10-2018,0.0,0.0,0.0,0.0,0.0,0.0
949,15-10-2018,0.0,0.0,0.0,0.0,0.0,0.0
950,14-10-2018,0.0,0.0,0.0,0.0,0.0,0.0
951,13-10-2018,0.0,0.0,0.0,0.0,0.0,0.0
952,12-10-2018,0.0,0.0,0.0,0.0,0.0,0.0
953,11-10-2018,0.0,0.0,0.0,0.0,0.0,0.0
954,10-10-2018,0.0,0.0,0.0,0.0,0.0,0.0
955,09-10-2018,0.0,0.0,0.0,0.0,0.0,0.0
956,08-10-2018,0.0,0.0,0.0,0.0,0.0,0.0
957,07-10-2018,0.0,0.0,0.0,0.0,0.0,0.0
958,06-10-2018,0.0,0.0,0.0,0.0,0.0,0.0
959,05-10-2018,0.0,0.0,0.0,0.0,0.0,0.0
960,04-10-2018,0.0,0.0,0.0,0.0,0.0,0.0
961,03-10-2018,0.0,0.0,0.0,0.0,0.0,0.0
962,02-10-2018,0.0,0.0,0.0,0.0,0.0,0.0
963,01-10-2018,0.0,0.0,0.0,0.0,0.0,0.0
964,30-09-2018,0.0,0.0,0.0,0.0,0.0,0.0
965,29-09-2018,0.0,0.0,0.0,0.0,0.0,0.0
966,28-09-2018,0.0,0.0,0.0,0.0,0.0,0.0
967,27-09-2018,0.0,0.0,0.0,0.0,0.0,0.0
968,26-09-2018,0.0,0.0,0.0,0.0,0.0,0.0
969,25-09-2018,0.0,0.0,0.0,0.0,0.0,0.0
970,24-09-2018,0.0,0.0,0.0,0.0,0.0,0.0
971,23-09-2018,0.0,0.0,0.0,0.0,0.0,0.0
972,22-09-2018,1.25,1.25,1.25,1.25,33.11,26.54
973,21-09-2018,1.25,1.25,1.25,1.25,26.22,21.02
974,20-09-2018,1.25,1.25,1.25,1.25,29.72,23.82
975,19-09-2018,1.25,1.25,1.25,1.25,28.11,22.54
976,18-09-2018,1.25,1.25,1.25,1.25,53.93,43.23
977,17-09-2018,1.25,1.25,1.25,1.25,27.05,21.69
978,16-09-2018,1.25,1.25,1.25,1.25,59.08,47.36
979,15-09-2018,1.25,1.25,1.25,1.25,10.78,8.65
980,14-09-2018,1.25,1.25,1.25,1.25,31.49,25.24
981,13-09-2018,1.25,1.25,1.25,1.25,52.16,41.81
982,12-09-2018,1.25,1.25,1.25,1.25,52.73,42.27
983,11-09-2018,1.25,1.25,1.25,1.25,23.84,19.11
984,10-09-2018,1.25,1.25,1.25,1.25,27.82,22.3
985,09-09-2018,1.13,1.25,1.13,1.25,27.35,23.57
986,08-09-2018,1.13,1.13,1.13,1.13,48.0,42.55
987,07-09-2018,1.13,1.13,1.13,1.13,34.07,30.2
988,06-09-2018,0.7830364000000001,1.13,0.7830364000000001,1.13,29.74,27.73
989,05-09-2018,0.7830364000000001,0.7830364000000001,0.7830364000000001,0.7830364000000001,12.95,16.54
990,04-09-2018,0.7830364000000001,0.7830364000000001,0.7830364000000001,0.7830364000000001,32.47,41.46
991,03-09-2018,0.7830364000000001,0.7830364000000001,0.7830364000000001,0.7830364000000001,11.12,14.2
992,02-09-2018,0.7830364000000001,0.7830364000000001,0.7830364000000001,0.7830364000000001,53.54,68.37
993,01-09-2018,0.7830364000000001,0.7830364000000001,0.7830364000000001,0.7830364000000001,21.22,27.1
994,31-08-2018,0.7830364000000001,0.7830364000000001,0.7830364000000001,0.7830364000000001,30.69,39.19
995,30-08-2018,0.7830364000000001,0.7830364000000001,0.7830364000000001,0.7830364000000001,12.9,16.47
996,29-08-2018,0.7830364000000001,0.7830364000000001,0.7830364000000001,0.7830364000000001,17.25,22.03
997,28-08-2018,0.7830364000000001,0.7830364000000001,0.7830364000000001,0.7830364000000001,16.33,20.86
998,27-08-2018,0.7715361,0.7840673,0.7715361,0.7830364000000001,11.52,14.76
999,26-08-2018,0.6848864,0.7715904,0.6848864,0.7715361,8.81,11.69
1000,25-08-2018,0.6848864,0.6848864,0.6848864,0.6848864,10.58,15.45
1001,24-08-2018,0.7599859,0.7599859,0.6848864,0.6848864,14.15,20.41
1002,23-08-2018,0.7599859,0.7599859,0.7599859,0.7599859,26.97,35.49
1003,22-08-2018,0.7713226,0.7966627,0.7583786,0.7599859,9.03,11.56
1004,21-08-2018,0.7567149999999999,0.7750785,0.7518081,0.7715081,3.86,5.05
1005,20-08-2018,0.7875861999999999,0.8050629,0.756677,0.756677,3.78,4.86
1006,19-08-2018,0.7780146,0.7907991999999999,0.7710445,0.786695,3.93,5.05
1007,18-08-2018,0.8139407,0.8258916999999999,0.7693664000000001,0.7761640000000001,3.88,4.89
1008,17-08-2018,0.7480062,0.814415,0.7480062,0.813704,4.07,5.26
1009,16-08-2018,0.6642564000000001,0.7742463,0.6587175000000001,0.748783,3.74,5.3
1010,15-08-2018,0.738305,0.7642131,0.6613973000000001,0.664737,2.69,3.76
1011,14-08-2018,0.770129,0.7722675999999999,0.7165331,0.7380489,3.69,5.06
1012,13-08-2018,0.8104778,0.815314,0.7691800999999999,0.7732508000000001,3.87,4.84
1013,12-08-2018,0.8086374,0.8198315999999999,0.8050389,0.8076645,4.04,4.97
1014,11-08-2018,0.6541689,0.8190947,0.6509626000000001,0.8094223,4.05,5.37
1015,10-08-2018,0.6285066,0.8046909999999999,0.6285066,0.6543689,8278.5,12237.54
1016,09-08-2018,0.6269935999999999,0.6768115,0.5648805,0.629016,5447.48,8818.04
1017,08-08-2018,0.5008852,793.37,0.49864259999999994,0.627023,6952.23,92.95
1018,07-08-2018,0.6568844,842.0,0.5007633,0.5007633,6773.77,885.24
1019,06-08-2018,0.35068259999999996,850.19,0.3504751,0.6569902,10712.53,1394.92
1020,05-08-2018,0.3019516,0.4287067,0.26721409999999995,0.3503797,2447.67,7757.48
1021,04-08-2018,0.30982509999999996,0.3191375,0.29517350000000003,0.30191609999999997,1219.97,3982.14
1022,03-08-2018,0.3551422,0.3567872,0.3098704,0.31007579999999996,141.78,413.0
1023,02-08-2018,0.339106,0.376702,0.30284,0.34418699999999997,29.0,85.12
1024,01-08-2018,0.32414940000000003,928.17,0.3127468,0.35537540000000006,33.86,1.72
1025,31-07-2018,0.36063,0.36827600000000005,0.309066,0.31337,748.0,2214.1
1026,30-07-2018,0.382648,0.382648,0.354431,0.360552,796.0,2150.95
1027,29-07-2018,0.408938,0.410817,0.36911700000000003,0.38335,420.0,1068.55
1028,28-07-2018,0.382418,0.41337399999999996,0.382418,0.408657,343.0,864.6
1029,27-07-2018,0.36507399999999995,0.441381,0.33587100000000003,0.380963,1213.0,3185.21
1030,26-07-2018,0.316896,0.42401700000000003,0.315371,0.364318,104.0,292.83
1031,25-07-2018,0.354914,0.43700600000000006,0.314397,0.317297,627.0,1761.71
1032,24-07-2018,0.41270200000000007,0.421651,0.314359,0.355234,340.0,904.29
1033,23-07-2018,0.43021099999999995,0.47736000000000006,0.28573699999999996,0.42036999999999997,1961.0,4860.94
1034,22-07-2018,0.483559,0.48547399999999996,0.398446,0.42957399999999996,631.0,1404.52
1035,21-07-2018,0.492547,0.49336,0.483038,0.483658,11.0,22.53
1036,20-07-2018,0.555848,0.5730810000000001,0.555848,0.565686,689.0,1224.64
1037,19-07-2018,0.485318,0.560388,0.46589899999999995,0.556288,678.0,1311.48
1038,18-07-2018,0.411804,0.49179300000000004,0.41077700000000006,0.483885,346.0,769.63
1039,17-07-2018,0.41071499999999994,0.428691,0.392401,0.41132299999999994,567.0,1380.29
1040,16-07-2018,0.343941,0.41093,0.343941,0.41080500000000003,430.0,1139.36
1041,15-07-2018,0.399301,0.420328,0.34228400000000003,0.34494,699.0,1855.52
1042,14-07-2018,0.449459,0.449459,0.328844,0.398936,500.0,1229.48
1043,13-07-2018,0.439175,0.449495,0.403457,0.449495,706.0,1621.48
1044,12-07-2018,0.461729,0.46262700000000007,0.40921599999999997,0.439158,148.0,333.95
1045,11-07-2018,0.476696,0.47895699999999997,0.435461,0.462056,341.0,736.04
1046,10-07-2018,0.481414,0.48203500000000005,0.475973,0.47680100000000003,280.0,584.48
1047,09-07-2018,0.45211999999999997,0.48357,0.42223299999999997,0.48195699999999997,335.0,728.31
1048,08-07-2018,0.474595,0.474595,0.41018000000000004,0.452887,199.0,439.23
1049,07-07-2018,0.453592,0.5271939999999999,0.43505900000000003,0.47466099999999994,5685.0,12028.53
1050,06-07-2018,0.552488,0.553365,0.40584000000000003,0.452629,1210.0,2463.95
1051,05-07-2018,0.45522799999999997,0.560415,0.40377399999999997,0.5526989999999999,1793.0,3636.7
1052,04-07-2018,0.45071700000000003,0.472257,0.42567299999999997,0.457143,1356.0,3003.67
1053,03-07-2018,0.456801,0.45932,0.419033,0.450693,671.0,1502.93
1054,02-07-2018,0.441708,0.460374,0.417363,0.45675,599.0,1348.95
1055,01-07-2018,0.421328,0.448665,0.381799,0.441104,1431.0,3381.19
1056,30-06-2018,0.44535600000000003,0.446683,0.396658,0.42108500000000004,1288.0,3013.25
1057,29-06-2018,0.409655,0.445826,0.393404,0.4452,772.0,1822.81
1058,28-06-2018,0.41958500000000004,0.457876,0.409452,0.40981899999999993,764.0,1801.11
1059,27-06-2018,0.41001099999999996,0.42758199999999996,0.407209,0.41958500000000004,339.0,814.71
1060,26-06-2018,0.430453,0.43683999999999995,0.381852,0.410761,310.0,747.03
1061,25-06-2018,0.42342399999999997,0.48350699999999996,0.392754,0.47409300000000004,1561.0,3520.17
1062,24-06-2018,0.535611,0.53652,0.395117,0.42299799999999993,437.0,924.75
1063,23-06-2018,0.519201,0.5503939999999999,0.460556,0.536118,1493.0,2890.23
1064,22-06-2018,0.474341,0.552665,0.423177,0.51908,1480.0,3006.2
1065,21-06-2018,0.511845,0.51318,0.41917600000000005,0.474045,237.0,494.2
1066,20-06-2018,0.49161800000000005,0.51698,0.401183,0.5120979999999999,1709.0,3556.94
1067,19-06-2018,0.502879,0.51184,0.459362,0.493551,498.0,1012.38
1068,18-06-2018,0.506729,0.512382,0.455112,0.501637,412.0,834.07
1069,17-06-2018,0.529144,0.5297729999999999,0.397412,0.508566,2073.0,4220.07
1070,16-06-2018,0.500364,0.5345260000000001,0.469558,0.529983,867.0,1704.65
1071,15-06-2018,0.499108,0.525366,0.475584,0.50059,824.0,1647.47
1072,14-06-2018,0.520915,0.586737,0.46883199999999997,0.497802,518.0,998.9
1073,13-06-2018,0.5894550000000001,0.597377,0.45000500000000004,0.521193,650.0,1204.8
1074,12-06-2018,0.591233,0.615757,0.546809,0.5886140000000001,407.0,695.01
1075,11-06-2018,0.5709029999999999,0.624063,0.354609,0.5905020000000001,2178.0,4070.88
1076,10-06-2018,0.679129,0.680585,0.57128,0.57128,1225.0,1958.22
1077,09-06-2018,0.830835,0.8407469999999999,0.6161909999999999,0.678702,3974.0,5358.55
1078,08-06-2018,0.76275,0.8357530000000001,0.6965060000000001,0.8300709999999999,870.0,1113.57
1079,07-06-2018,0.731079,0.804899,0.677321,0.762935,2036.0,2736.34
1080,06-06-2018,0.793459,0.9399770000000001,0.694818,0.73073,2389.0,3025.02
1081,05-06-2018,0.747375,0.794714,0.6859109999999999,0.791445,1143.0,1514.19
1082,04-06-2018,0.6124310000000001,0.749761,0.609002,0.747173,1557.0,2291.08
1083,03-06-2018,0.695214,0.698047,0.603599,0.612693,1017.0,1558.89
1084,02-06-2018,0.6001810000000001,0.705017,0.597376,0.694703,493.0,759.26
1085,01-06-2018,0.689493,0.720064,0.588264,0.6003350000000001,570.0,877.55
1086,31-05-2018,0.6209720000000001,0.690753,0.549301,0.689051,4093.0,6420.2
1087,30-05-2018,0.720338,0.752333,0.6096159999999999,0.621146,208.0,307.76
1088,29-05-2018,0.735011,0.735011,0.626289,0.720167,1238.0,1758.22
1089,28-05-2018,0.7058439999999999,0.8200069999999999,0.69597,0.734757,1433.0,1938.73
1090,27-05-2018,0.6275609999999999,0.7067260000000001,0.6168939999999999,0.7067260000000001,283.0,425.9
1091,26-05-2018,0.6065619999999999,0.6588109999999999,0.58758,0.626626,263.0,424.27
1092,25-05-2018,0.642039,0.698553,0.602576,0.6081270000000001,2010.0,3151.34
1093,24-05-2018,0.8713,0.871792,0.639093,0.6427069999999999,3552.0,4697.03
1094,23-05-2018,0.784875,0.873468,0.769191,0.871474,1078.0,1307.06
1095,22-05-2018,0.7787270000000001,0.9193709999999999,0.769219,0.783324,329.0,404.84
1096,21-05-2018,0.964725,1.0,0.775138,0.7782180000000001,4364.0,4961.8
1097,20-05-2018,0.90801,1.0,0.8048270000000001,0.9648959999999999,2693.0,2928.98
1098,19-05-2018,0.885091,0.974915,0.855382,0.907323,1085.0,1198.0
1099,18-05-2018,1.05,1.05,0.85631,0.884552,565.0,588.41
1100,17-05-2018,0.9519219999999999,1.09,0.872915,1.05,987.0,995.75
1101,16-05-2018,1.06,1.07,0.888912,0.9535239999999999,4720.0,4752.75
1102,15-05-2018,0.992508,1.07,0.913005,1.06,586.0,580.84
1103,14-05-2018,1.03,1.08,0.917717,0.9920370000000001,1760.0,1751.35
1104,13-05-2018,1.09,1.11,0.972831,1.03,899.0,855.61
1105,12-05-2018,1.17,1.23,1.04,1.09,795.0,701.99
1106,11-05-2018,1.03,1.19,1.02,1.17,2700.0,2448.98
1107,10-05-2018,1.09,1.2,1.02,1.04,2097.0,1928.28
1108,09-05-2018,1.2,1.3,1.08,1.09,5990.0,5130.62
1109,08-05-2018,1.26,1.29,0.9790000000000001,1.2,9224.0,7802.07
1110,07-05-2018,0.996799,1.26,0.7974680000000001,1.26,4983.0,4620.02
1111,06-05-2018,0.7904770000000001,1.03,0.771595,0.996959,2230.0,2485.35
1112,05-05-2018,1.05,1.05,0.7794449999999999,0.790246,3231.0,3521.82
1113,04-05-2018,1.03,1.05,0.866195,1.05,4579.0,4583.36
1114,03-05-2018,0.993915,1.06,0.818583,1.03,1591.0,1630.75
1115,02-05-2018,1.14,1.17,0.938328,0.993991,4114.0,3879.01
1116,01-05-2018,1.12,1.32,1.1,1.14,1027.0,877.78
1117,30-04-2018,1.15,1.26,1.12,1.12,5542.0,4767.31
1118,29-04-2018,1.34,1.49,1.16,1.16,1600.0,1242.72
1119,28-04-2018,1.08,1.48,1.05,1.34,4243.0,3428.69
1120,27-04-2018,1.5,1.69,1.07,1.07,5547.0,4162.85
1121,26-04-2018,1.21,1.52,1.11,1.51,3658.0,2734.95
1122,25-04-2018,1.17,1.34,1.15,1.2,4602.0,3787.65
1123,24-04-2018,1.17,1.32,0.9046709999999999,1.17,2854.0,2500.95
1124,23-04-2018,1.5,1.5,1.06,1.17,2057.0,1573.23
1125,22-04-2018,1.45,1.51,0.570972,1.5,11970.0,9517.05
1126,21-04-2018,1.44,1.49,1.43,1.45,5472.0,3767.3
1127,20-04-2018,1.35,1.48,1.35,1.44,4493.0,3197.86
1128,19-04-2018,1.4,1.48,1.35,1.35,6493.0,4654.48
1129,18-04-2018,1.54,1.55,1.38,1.4,3482.0,2372.74
1130,17-04-2018,1.4,1.56,1.29,1.54,2610.0,1803.11
1131,16-04-2018,1.6,1.64,1.22,1.4,10649.0,7268.94
1132,15-04-2018,1.5,1.66,1.41,1.6,13907.0,9015.88
1133,14-04-2018,1.28,1.5,1.18,1.5,6760.0,4952.38
1134,13-04-2018,1.29,1.31,1.19,1.28,10138.0,7998.42
1135,12-04-2018,1.11,1.3,1.03,1.29,8824.0,7462.16
1136,11-04-2018,0.982,1.27,0.859533,1.11,6945.0,6580.55
1137,10-04-2018,0.615157,0.981842,0.609023,0.98041,6944.0,8716.96
1138,09-04-2018,0.690855,0.855875,0.560359,0.61464,12544.0,18435.34
1139,08-04-2018,0.6890689999999999,0.696399,0.493982,0.690055,4377.0,6813.76
1140,07-04-2018,0.44320299999999996,0.692837,0.388733,0.692507,13604.0,24541.78
1141,06-04-2018,0.6328189999999999,0.6328189999999999,0.34202899999999997,0.443067,13483.0,26298.88
1142,05-04-2018,0.661248,0.809829,0.529644,0.633195,28669.0,43538.21
1143,04-04-2018,0.853232,0.8799959999999999,0.486951,0.660738,17678.0,24544.96
1144,03-04-2018,0.935326,1.0,0.697254,0.8490709999999999,9773.0,11228.01
1145,02-04-2018,0.888495,1.03,0.833116,0.9353540000000001,10114.0,10972.71
1146,01-04-2018,1.03,1.04,0.799575,0.888343,10215.0,10873.04
1147,31-03-2018,1.18,1.35,0.935206,1.04,13675.0,12141.51
1148,30-03-2018,1.25,1.31,1.05,1.18,8064.0,6734.03
1149,29-03-2018,1.29,1.51,1.1,1.25,10772.0,8366.6
1150,28-03-2018,1.27,1.83,0.9815809999999999,1.3,13199.0,9810.5
1151,27-03-2018,1.55,1.64,0.945708,1.27,7133.0,5278.12
1152,26-03-2018,1.59,1.9,1.14,1.57,8976.0,5790.97
1153,25-03-2018,1.89,2.03,1.53,1.57,17412.0,9921.37
1154,24-03-2018,1.75,2.8,1.61,1.89,8039.0,3994.53
1155,23-03-2018,1.99,2.15,1.65,1.75,7952.0,4218.57
1156,22-03-2018,1.92,2.02,0.994886,1.99,11570.0,6683.14
1157,21-03-2018,1.67,4.28,1.66,1.9,52669.0,22153.1
1158,20-03-2018,1.83,2.01,1.51,1.68,49785.0,28327.17
1159,19-03-2018,1.89,2.02,1.8,1.84,22768.0,12062.52
1160,18-03-2018,1.94,2.12,1.79,1.88,25157.0,13017.85
1161,17-03-2018,2.02,2.05,1.83,1.95,17729.0,9033.89
1162,16-03-2018,2.23,2.37,1.91,2.02,21735.0,10192.26
1163,15-03-2018,2.04,2.46,2.03,2.16,22289.0,10259.61
1164,14-03-2018,2.15,2.53,2.05,2.05,20946.0,9542.6
1165,13-03-2018,1.91,2.29,1.79,2.16,25221.0,12378.4
1166,12-03-2018,1.9,2.09,1.87,1.92,18166.0,9339.85
1167,11-03-2018,2.03,2.05,1.76,1.9,15368.0,7942.12
1168,10-03-2018,2.01,2.17,1.9,2.04,16075.0,7918.72
1169,09-03-2018,2.47,2.56,1.92,2.01,61459.0,27437.05
1170,08-03-2018,2.36,2.64,2.23,2.55,73155.0,29920.25
1171,07-03-2018,2.91,2.94,2.36,2.43,74113.0,27862.03
1172,06-03-2018,3.06,3.11,2.84,2.92,55762.0,18696.4
1173,05-03-2018,3.02,3.2,3.02,3.06,117309.0,38149.27
1174,04-03-2018,3.11,3.24,2.61,3.02,164069.0,54780.97
1175,03-03-2018,3.07,3.2,2.95,3.13,102753.0,33280.32
1176,02-03-2018,3.35,3.43,3.03,3.06,123246.0,38304.9
1177,01-03-2018,3.13,3.38,3.05,3.35,116938.0,36231.76
1178,28-02-2018,2.96,3.26,2.88,3.22,181826.0,59034.42
1179,27-02-2018,3.12,3.17,2.87,2.95,151631.0,50084.56
1180,26-02-2018,3.27,3.38,2.93,3.12,104727.0,32984.88
1181,25-02-2018,3.09,3.48,2.97,3.25,105458.0,32981.39
1182,24-02-2018,3.31,3.49,2.92,3.05,116596.0,36521.85
1183,23-02-2018,3.52,3.76,3.08,3.27,86230.0,25305.94
1184,22-02-2018,3.97,4.16,3.44,3.52,157912.0,41858.71
1185,21-02-2018,3.69,4.15,3.62,3.95,108297.0,28110.84
1186,20-02-2018,4.34,4.34,3.66,3.7,150823.0,37611.72
1187,19-02-2018,4.08,4.38,4.01,4.31,185105.0,44125.15
1188,18-02-2018,4.06,4.19,3.87,4.13,149639.0,36834.22
1189,17-02-2018,3.86,4.3,3.7,4.04,157578.0,39642.26
1190,16-02-2018,3.05,5.52,3.05,3.73,385193.0,100376.03
1191,15-02-2018,3.0,3.19,2.83,3.03,111873.0,37136.27
1192,14-02-2018,2.24,3.12,2.23,3.01,198019.0,74724.15
1193,13-02-2018,2.35,2.39,2.12,2.25,76175.0,33446.76
1194,12-02-2018,2.19,2.64,2.19,2.39,152689.0,64904.99
1195,11-02-2018,2.34,2.35,2.09,2.19,168616.0,75191.08
1196,10-02-2018,2.42,2.81,2.26,2.34,211125.0,85910.48
1197,09-02-2018,5.54,5.54,2.14,2.46,792071.0,202058.93
1198,08-02-2018,4.31,5.59,3.72,5.58,302712.0,63065.0
1199,07-02-2018,5.49,5.64,4.18,4.29,194631.0,39720.61
1200,06-02-2018,6.55,6.63,5.26,5.54,309371.0,51604.84
1201,05-02-2018,6.7,6.91,6.0,6.51,317398.0,48606.13
1202,04-02-2018,8.91,8.93,5.55,6.69,692302.0,92061.44
1203,03-02-2018,8.59,13.14,8.51,8.89,5672460.0,579857.91
1204,02-02-2018,5.97,10.11,5.55,8.73,3657210.0,481845.85
1205,01-02-2018,7.0,7.05,5.75,6.01,883703.0,136955.13
1206,31-01-2018,8.27,8.35,7.01,7.01,1171150.0,152891.64
1207,30-01-2018,10.64,11.24,8.21,8.32,1950330.0,203106.48
1208,29-01-2018,11.17,11.29,10.48,10.53,994843.0,91542.95
1209,28-01-2018,12.57,12.92,10.59,11.18,1600520.0,135465.09
1210,27-01-2018,12.8,15.97,9.46,12.59,5376800.0,423203.46
1211,26-01-2018,15.94,15.94,12.5,13.26,2406960.0,167034.0
1212,25-01-2018,16.69,17.08,15.08,16.05,1771300.0,109171.03
1213,24-01-2018,18.08,19.2,15.64,16.76,2758110.0,158330.08
1214,23-01-2018,21.72,21.97,16.05,17.86,5865730.0,302357.22
1215,22-01-2018,29.33,30.98,21.76,21.81,7054180.0,271628.03
1216,21-01-2018,35.68,41.94,24.56,29.11,18658000.0,568451.52
1217,20-01-2018,23.84,82.43,22.79,37.68,57434000.0,1377809.76
1218,19-01-2018,21.7,44.59,5.69,22.48,24796900.0,1050048.7
1219,18-01-2018,255.91,331.06,19.28,19.28,5920560.0,37859.48
1220,17-01-2018,290.84,304.5,240.19,256.07,2261840.0,8288.16
1221,16-01-2018,318.31,321.25,281.03,293.36,4351920.0,14339.7
1222,15-01-2018,322.83,328.83,313.9,318.02,14232700.0,44353.14
1223,14-01-2018,300.1,328.78,289.78,322.98,23119700.0,74481.17
1224,13-01-2018,324.83,328.61,281.29,302.19,27349500.0,88443.88
1225,12-01-2018,353.65,353.65,311.02,327.27,25960000.0,77170.61
1226,11-01-2018,360.24,371.85,343.2,353.23,22227900.0,62240.36
1227,10-01-2018,375.03,382.83,335.59,361.85,19204000.0,52783.62
1228,09-01-2018,449.02,449.02,372.9,376.96,21804900.0,52927.73
1229,08-01-2018,402.66,451.29,394.01,449.47,24776400.0,58385.68
1230,07-01-2018,428.6,429.67,397.46,402.82,36359800.0,87690.57
1231,06-01-2018,450.46,451.06,409.01,428.53,24251600.0,55780.94
1232,05-01-2018,428.23,447.77,419.68,447.53,27060700.0,62093.95
1233,04-01-2018,385.47,429.82,366.95,428.6,25422700.0,63129.05
1234,03-01-2018,420.98,445.46,376.73,385.5,27366000.0,67210.67
1235,02-01-2018,380.71,431.38,377.46,418.96,21278700.0,52915.31
1236,01-01-2018,461.94,462.06,369.14,384.56,26618900.0,63465.22
1237,31-12-2017,413.53,470.86,407.8,463.31,41366100.0,94254.86
1238,30-12-2017,420.53,479.3,372.94,409.57,60271900.0,143304.92
1239,29-12-2017,397.43,476.4,342.22,421.6,65798100.0,160713.46
1240,28-12-2017,219.87,427.11,216.66,397.87,89649200.0,284259.97
1241,27-12-2017,244.16,244.16,216.11,220.01,18920000.0,81865.78
1242,26-12-2017,291.72,291.72,224.09,241.63,14577700.0,55578.56
1243,25-12-2017,292.51,314.15,286.95,288.51,15772600.0,53370.55
1244,24-12-2017,341.75,344.77,244.23,289.79,22788300.0,74682.68
1245,23-12-2017,363.26,381.93,330.41,340.55,19732800.0,55736.47
1246,22-12-2017,387.11,393.7,348.98,362.78,18826800.0,50454.72
1247,21-12-2017,430.55,456.14,374.84,387.42,23525300.0,57067.35
1248,20-12-2017,428.94,476.62,409.93,430.04,26753200.0,61306.77
1249,19-12-2017,457.7,509.99,425.81,427.71,21532200.0,47292.08
1250,18-12-2017,400.71,461.08,395.56,457.47,26412700.0,61610.43
1251,17-12-2017,373.81,403.65,373.79,396.08,32579600.0,84221.47
1252,16-12-2017,365.37,383.02,360.52,373.44,13732500.0,37056.03
1253,15-12-2017,388.2,394.73,355.94,366.3,28852100.0,76674.66
1254,14-12-2017,380.64,399.23,371.33,387.75,27229000.0,70772.93
1255,13-12-2017,371.31,396.37,369.68,379.63,39237900.0,103462.51
1256,12-12-2017,374.78,384.96,328.65,374.21,26008800.0,71130.32
1257,11-12-2017,409.58,415.65,338.1,373.26,24820000.0,64610.6
1258,10-12-2017,447.95,453.42,356.84,409.73,24872700.0,59648.91
1259,09-12-2017,368.22,447.18,361.2,447.18,37367700.0,92051.14
1260,08-12-2017,331.14,371.27,331.14,369.24,31103500.0,88690.4
1261,07-12-2017,331.34,338.96,324.2,331.74,21190000.0,63910.0
1262,06-12-2017,292.85,332.09,292.85,330.67,19053100.0,61045.13
1263,05-12-2017,318.83,342.51,296.17,311.99,16500300.0,51989.92
1264,04-12-2017,322.45,327.56,310.75,319.24,16065500.0,50204.69
1265,03-12-2017,283.65,322.74,272.85,322.74,23616200.0,78590.99
1266,02-12-2017,273.52,297.65,255.41,285.46,19684400.0,70804.65
1267,01-12-2017,285.09,325.31,253.61,269.33,31234400.0,110238.41
1268,30-11-2017,301.27,301.27,284.98,286.04,25368700.0,86467.5
1269,29-11-2017,299.69,307.43,273.6,300.48,28551400.0,96686.08
1270,28-11-2017,304.6,310.0,273.25,299.79,20582600.0,69322.69
1271,27-11-2017,296.49,307.98,277.08,304.7,19070800.0,64306.17
1272,26-11-2017,289.11,300.32,283.55,297.26,17307700.0,59159.49
1273,25-11-2017,299.29,301.0,289.76,289.76,17550800.0,59503.82
1274,24-11-2017,294.75,301.2,291.73,299.33,19632100.0,66156.48
1275,23-11-2017,296.57,301.53,274.78,294.1,23952700.0,82101.49
1276,22-11-2017,292.51,302.04,256.51,296.52,28203100.0,98304.61
1277,21-11-2017,294.46,295.88,281.27,292.65,16763600.0,57594.01
1278,20-11-2017,295.91,299.17,284.36,294.92,17783600.0,60572.91
1279,19-11-2017,302.48,308.66,291.0,297.02,23569000.0,78618.37
1280,18-11-2017,274.63,308.34,261.24,303.01,31028800.0,108187.79
1281,17-11-2017,255.66,280.36,255.66,273.13,26940000.0,101201.15
1282,16-11-2017,252.45,259.37,248.25,255.38,22764400.0,89672.17
1283,15-11-2017,218.02,259.44,216.57,251.9,19908200.0,84184.66
1284,14-11-2017,241.44,241.44,201.66,218.0,13218700.0,58584.44
1285,13-11-2017,252.63,262.24,237.99,241.58,15969100.0,64233.54
1286,12-11-2017,274.44,286.7,248.33,253.59,20860300.0,78491.52
1287,11-11-2017,285.18,285.42,270.67,273.57,22690900.0,81414.01
1288,10-11-2017,270.42,298.81,268.81,285.47,22643000.0,80615.21
1289,09-11-2017,260.04,273.18,260.04,271.27,22712300.0,85342.08
1290,08-11-2017,276.58,279.72,259.64,259.85,19432300.0,72253.13
1291,07-11-2017,278.1,285.64,273.37,276.28,14591800.0,52422.96
1292,06-11-2017,270.45,284.62,259.08,278.66,66891000.0,244840.37
1293,05-11-2017,262.93,284.64,260.1,271.12,25755600.0,95498.1
1294,04-11-2017,251.29,273.73,251.29,263.27,23900000.0,91960.21
1295,03-11-2017,239.45,251.29,234.88,250.93,24030900.0,98431.83
1296,02-11-2017,227.38,239.52,226.79,239.52,18364400.0,78714.97
1297,01-11-2017,225.77,230.18,223.09,228.12,22568300.0,99511.88
1298,31-10-2017,211.72,233.22,211.18,227.1,11138200.0,50443.6
1299,30-10-2017,213.13,217.36,209.66,211.84,10550800.0,49534.85
1300,29-10-2017,216.65,220.7,210.38,212.55,14048500.0,65320.59
1301,28-10-2017,206.38,220.18,205.15,216.59,15882500.0,74890.96
1302,27-10-2017,193.74,206.68,188.8,206.32,17013600.0,85544.91
1303,26-10-2017,196.65,201.47,186.31,193.7,12298000.0,63218.23
1304,25-10-2017,204.73,208.27,193.84,198.57,13730900.0,68193.34
1305,24-10-2017,208.51,210.75,198.85,205.04,9944220.0,48322.76
1306,23-10-2017,213.01,218.42,204.57,210.4,10211700.0,48259.45
1307,22-10-2017,199.81,216.68,198.23,213.46,15662400.0,75647.32
1308,21-10-2017,195.58,202.03,194.07,199.79,14086400.0,71191.07
1309,20-10-2017,193.93,196.44,178.7,195.38,13234800.0,69251.36
1310,19-10-2017,199.63,200.24,191.38,193.95,14142600.0,72045.85
1311,18-10-2017,193.05,200.68,190.65,199.63,14092700.0,71900.61
1312,17-10-2017,200.83,201.44,186.43,193.04,9190960.0,47028.22
1313,16-10-2017,196.68,201.51,193.34,199.74,12375600.0,62560.69
1314,15-10-2017,188.67,204.19,187.51,196.71,18181900.0,93590.88
1315,14-10-2017,166.71,188.09,166.23,188.09,15616200.0,88087.77
1316,13-10-2017,161.35,168.28,158.95,166.59,13011800.0,79440.76
1317,12-10-2017,158.71,166.74,158.71,161.25,13035600.0,80789.58
1318,11-10-2017,148.29,161.37,146.63,158.66,12646700.0,82261.65
1319,10-10-2017,142.71,148.93,142.33,148.31,6956630.0,47788.9
1320,09-10-2017,141.85,144.33,139.15,144.15,6342670.0,44550.61
1321,08-10-2017,138.96,143.83,138.68,141.86,10787200.0,76595.96
1322,07-10-2017,135.21,140.32,132.93,138.96,8245120.0,60247.12
1323,06-10-2017,136.92,138.58,134.12,135.09,7468280.0,54842.25
1324,05-10-2017,139.07,139.74,134.2,136.58,8298420.0,60397.17
1325,04-10-2017,139.18,140.6,134.72,139.08,11113800.0,80304.92
1326,03-10-2017,136.23,139.33,134.03,139.33,5808050.0,42323.47
1327,02-10-2017,130.13,136.54,128.68,136.16,7830160.0,58927.66
1328,01-10-2017,131.15,132.31,123.58,130.11,10871800.0,84090.11
1329,30-09-2017,126.3,131.58,125.18,131.26,12807500.0,99607.25
1330,29-09-2017,117.41,127.13,117.36,126.31,10526200.0,86243.22
1331,28-09-2017,117.5,120.41,116.41,117.76,10629600.0,90066.09
1332,27-09-2017,109.68,119.57,109.51,117.5,10414100.0,91299.7
1333,26-09-2017,113.12,113.27,108.57,110.11,4950760.0,44494.21
1334,25-09-2017,109.38,113.91,108.24,113.17,5640310.0,50733.62
1335,24-09-2017,108.61,113.21,107.07,109.69,6933750.0,63238.18
1336,23-09-2017,116.67,117.45,107.42,108.74,6427510.0,57097.89
1337,22-09-2017,117.55,121.49,114.45,117.25,8498270.0,72212.01
1338,21-09-2017,122.2,123.11,114.6,117.67,9224430.0,77259.77
1339,20-09-2017,106.62,122.24,106.49,122.0,8192160.0,71648.93
1340,19-09-2017,109.75,110.94,102.82,106.84,5350380.0,49730.5
1341,18-09-2017,111.11,116.01,105.02,109.85,5683580.0,51436.28
1342,17-09-2017,97.42,113.75,89.36,111.22,8539660.0,82959.66
1343,16-09-2017,115.97,117.38,96.71,96.71,6367800.0,59683.67
1344,15-09-2017,123.14,123.7,112.6,115.97,6315510.0,53137.38
1345,14-09-2017,125.29,130.91,122.22,123.5,6861080.0,54678.67
1346,13-09-2017,121.88,128.2,120.76,125.7,7083720.0,57064.65
1347,12-09-2017,129.7,129.7,118.94,122.92,4644030.0,37058.85
1348,11-09-2017,128.51,131.51,125.21,130.05,6225680.0,48328.52
1349,10-09-2017,137.68,139.78,123.23,128.29,7051050.0,53318.08
1350,09-09-2017,135.88,138.67,132.52,137.61,7564730.0,55553.57
1351,08-09-2017,130.25,142.16,128.85,136.18,8049390.0,59909.12
1352,07-09-2017,114.74,131.57,108.93,129.42,8537600.0,70462.59
1353,06-09-2017,128.26,129.55,110.68,114.13,30395600.0,251921.59
1354,05-09-2017,131.71,135.06,125.87,130.99,5244490.0,40062.56
1355,04-09-2017,141.11,142.8,128.0,131.33,5056030.0,37228.7
1356,03-09-2017,135.66,140.97,133.47,140.97,7854700.0,57014.17
1357,02-09-2017,135.6,136.88,132.24,135.63,6633480.0,49105.06
1358,01-09-2017,128.05,137.29,127.68,136.06,9923160.0,75022.0
1359,31-08-2017,119.01,129.24,114.84,128.24,9907640.0,80659.76
1360,30-08-2017,114.84,120.45,86.11,118.75,6444290.0,58564.49
1361,29-08-2017,116.11,129.98,101.65,114.99,4895670.0,42319.88
1362,28-08-2017,100.14,136.51,93.25,116.13,995116.0,8924.21
1363,27-08-2017,123.4,149.89,38.98,100.87,3353200.0,32465.51
1364,26-08-2017,128.05,131.49,119.89,127.07,8552010.0,67538.08
1365,25-08-2017,120.2,130.43,119.72,127.97,9692110.0,77798.28
1366,24-08-2017,116.16,121.95,106.55,120.44,6273350.0,53952.7
1367,23-08-2017,116.32,118.05,112.68,115.91,7667050.0,66243.74
1368,22-08-2017,119.53,119.61,114.63,116.77,4730720.0,40215.24
1369,21-08-2017,121.01,132.04,111.47,120.04,6751140.0,55730.06
1370,20-08-2017,117.65,124.19,115.06,121.08,7858910.0,65767.69
1371,19-08-2017,119.23,122.9,115.32,117.9,9416780.0,79240.81
1372,18-08-2017,112.38,119.4,107.07,119.36,8065040.0,70404.75
1373,17-08-2017,113.03,116.79,104.35,112.26,8375150.0,75041.1
1374,16-08-2017,103.3,112.83,98.87,112.74,7806160.0,72999.11
1375,15-08-2017,104.71,113.37,100.17,103.23,5104100.0,48439.78
1376,14-08-2017,98.88,106.88,97.91,104.76,6396390.0,62643.68
1377,13-08-2017,91.57,100.27,91.22,98.96,8535500.0,89372.28
1378,12-08-2017,85.94,92.18,85.46,91.54,8170850.0,92034.81
1379,11-08-2017,86.45,86.89,83.16,85.91,6557630.0,76605.59
1380,10-08-2017,83.13,87.32,83.03,86.51,8050680.0,94716.67
1381,09-08-2017,79.2,84.9,78.36,83.05,4506370.0,55376.12
1382,08-08-2017,79.13,81.21,75.75,79.32,3382890.0,42901.49
1383,07-08-2017,70.72,80.61,70.72,79.13,4215220.0,55982.73
1384,06-08-2017,69.41,71.1,67.85,70.9,4766590.0,68274.58
1385,05-08-2017,65.09,69.85,64.73,69.35,4382480.0,65162.14
1386,04-08-2017,50.73,70.3,49.78,64.93,3277460.0,55611.44
1387,03-08-2017,65.98,66.14,41.09,52.44,261126.0,4628.87
1388,02-08-2017,61.29,66.64,57.91,66.14,1578510.0,25057.7
1389,01-08-2017,65.08,65.16,61.26,61.52,2147470.0,33949.41
1390,31-07-2017,69.08,69.23,64.04,64.96,2912860.0,43587.74
1391,30-07-2017,65.28,69.94,64.79,69.28,4174750.0,62011.21
1392,29-07-2017,63.01,66.09,62.21,65.09,3508340.0,54732.29
1393,28-07-2017,63.57,64.46,60.63,62.68,3436370.0,54688.79
1394,27-07-2017,67.01,67.01,60.14,63.65,3566120.0,55329.43
1395,26-07-2017,61.33,68.22,58.44,67.02,3991940.0,62616.21
1396,25-07-2017,67.36,67.85,58.75,60.14,2132900.0,33575.76
1397,24-07-2017,67.23,70.84,65.63,67.31,3077890.0,45428.43
1398,23-07-2017,70.31,70.55,65.47,67.21,4225470.0,61789.43
1399,22-07-2017,56.44,72.0,56.44,69.79,4378970.0,68778.73
1400,21-07-2017,58.38,60.22,55.72,56.61,3140970.0,54405.58
1401,20-07-2017,55.72,59.98,53.81,58.29,3540910.0,62175.77
1402,19-07-2017,47.74,55.83,47.74,55.49,3778790.0,73090.72
1403,18-07-2017,44.22,50.56,29.87,48.05,2100690.0,48655.24
1404,17-07-2017,55.45,55.55,44.57,44.57,2687210.0,53706.61
1405,16-07-2017,57.6,58.57,53.94,55.53,3445520.0,61079.95
1406,15-07-2017,57.99,58.89,57.02,57.64,3024130.0,52243.76
1407,14-07-2017,54.99,58.86,53.61,58.26,2740060.0,48556.8
1408,13-07-2017,53.64,56.96,53.28,55.07,2767260.0,50555.1
1409,12-07-2017,58.67,59.6,53.45,53.97,2949720.0,52279.14
1410,11-07-2017,60.22,60.45,58.61,58.96,1992460.0,33452.99
1411,10-07-2017,56.6,60.25,56.6,60.18,2447650.0,41906.43
1412,09-07-2017,59.13,59.79,56.58,56.58,4205810.0,72488.97
1413,08-07-2017,57.11,63.8,56.92,59.06,3277810.0,55347.38
1414,07-07-2017,55.52,57.3,53.62,57.08,2954260.0,52867.93
1415,06-07-2017,53.24,55.52,53.22,55.48,2748610.0,50558.45
1416,05-07-2017,51.81,54.06,51.35,53.36,3417230.0,64910.82
1417,04-07-2017,50.04,52.4,49.62,52.04,1326100.0,25989.22
1418,03-07-2017,51.37,52.15,49.61,50.04,2650800.0,52188.81
1419,02-07-2017,51.94,53.1,50.86,51.39,2126610.0,41036.42
1420,01-07-2017,52.06,52.82,51.04,51.84,2865970.0,55178.48
1421,30-06-2017,51.31,52.62,49.94,52.11,2985300.0,57972.62
1422,29-06-2017,49.5,50.77,46.29,50.56,2410340.0,48911.12
1423,28-06-2017,51.11,52.74,47.31,48.33,2220370.0,44520.93
1424,27-06-2017,52.76,54.14,50.46,51.16,2464490.0,47275.85
1425,26-06-2017,55.65,56.4,51.81,52.87,2270790.0,41910.03
1426,25-06-2017,52.31,56.73,51.25,55.67,2353480.0,43591.04
1427,24-06-2017,51.25,52.3,50.28,52.3,2264670.0,43946.44
1428,23-06-2017,52.41,52.67,48.98,51.27,1981900.0,38609.07
1429,22-06-2017,51.36,52.76,51.08,52.42,1991020.0,38358.92
1430,21-06-2017,50.96,51.66,50.9,51.38,1827540.0,35676.72
1431,20-06-2017,51.02,51.62,50.5,50.9,1066710.0,20911.78
1432,19-06-2017,50.69,51.19,50.27,51.03,1436890.0,28288.02
1433,18-06-2017,49.16,51.44,46.92,50.94,1359210.0,27395.14
1434,17-06-2017,48.01,50.28,43.45,49.18,1655390.0,34682.38
1435,16-06-2017,50.89,53.96,46.35,47.83,1804340.0,36262.67
1436,15-06-2017,45.92,50.87,45.92,50.87,1609630.0,33260.25
1437,14-06-2017,53.42,53.42,41.72,45.68,2295830.0,47278.21
1438,13-06-2017,54.11,57.52,50.63,53.0,1762110.0,32743.84
1439,12-06-2017,50.04,59.6,42.61,54.04,3783760.0,73367.78
1440,11-06-2017,41.33,50.4,41.25,49.97,2787430.0,60944.08
1441,10-06-2017,36.18,41.43,35.42,41.43,2176920.0,56374.98
1442,09-06-2017,38.0,38.39,35.2,35.93,3101570.0,84098.97
1443,08-06-2017,32.24,39.78,32.24,37.99,2430580.0,68346.71
1444,07-06-2017,25.55,32.86,25.55,32.14,2170880.0,74793.45
1445,06-06-2017,25.53,25.8,24.94,25.55,1719260.0,67541.15
1446,05-06-2017,24.03,25.66,23.84,25.59,2741120.0,110618.24
1447,04-06-2017,22.19,24.19,21.99,24.19,1512120.0,65346.59
1448,03-06-2017,18.93,22.95,18.93,22.18,2466910.0,118901.55
1449,02-06-2017,17.0,18.97,17.0,18.9,1228390.0,68367.33
1450,01-06-2017,17.22,17.79,16.59,16.92,801777.0,46805.43
1451,31-05-2017,15.96,17.51,15.54,17.2,825630.0,49879.47
1452,30-05-2017,14.86,16.68,14.71,15.99,405591.0,26066.26
1453,29-05-2017,15.31,16.36,13.47,14.63,551952.0,36938.4
1454,28-05-2017,15.56,17.57,14.07,15.26,591390.0,37873.2
1455,27-05-2017,13.57,23.37,11.98,15.67,6153930.0,381107.29
1456,26-05-2017,13.2,14.35,13.12,13.6,1025590.0,75591.67
1457,25-05-2017,12.26,13.34,12.22,13.19,662390.0,51941.97
1458,24-05-2017,12.6,13.32,11.75,12.28,834180.0,66801.2
1459,23-05-2017,12.34,12.93,12.2,12.52,545026.0,43610.8
1460,22-05-2017,11.23,12.38,11.23,12.35,653438.0,55387.84
1461,21-05-2017,10.73,11.37,10.72,11.22,670821.0,60928.34
1462,20-05-2017,10.04,10.87,10.02,10.72,819691.0,78721.82
1463,19-05-2017,9.8,10.35,9.61,10.11,783389.0,78594.33
1464,18-05-2017,9.2,10.08,8.95,9.81,765059.0,80447.84
1465,17-05-2017,8.95,9.26,8.51,9.1,496905.0,55489.11
1466,16-05-2017,8.49,8.88,8.15,8.79,397657.0,46360.48
1467,15-05-2017,7.39,8.45,7.03,8.45,480450.0,61360.15
1468,14-05-2017,7.71,8.04,7.29,7.41,448407.0,58904.04
1469,13-05-2017,7.71,8.03,7.17,7.7,407025.0,53188.5
1470,12-05-2017,7.93,8.01,7.3,7.69,499177.0,64555.71
1471,11-05-2017,8.02,8.33,7.61,7.93,704454.0,88360.49
1472,10-05-2017,7.95,8.3,7.62,8.01,808585.0,101453.58
1473,09-05-2017,8.22,8.39,7.48,7.95,266678.0,33293.13
1474,08-05-2017,5.84,8.42,5.65,8.22,875112.0,124438.25
1475,07-05-2017,6.99,7.27,5.78,5.78,566343.0,87737.1
1476,06-05-2017,7.55,7.71,6.65,7.0,556024.0,76931.72
1477,05-05-2017,7.89,8.0,7.58,7.61,716542.0,92219.05
1478,04-05-2017,7.96,9.0,7.69,7.88,578471.0,71130.77
1479,03-05-2017,8.89,9.22,8.19,8.19,483599.0,56085.71
1480,02-05-2017,8.95,9.02,8.74,8.88,391218.0,43969.43
1481,01-05-2017,9.15,9.15,8.91,8.97,557753.0,61664.23
1482,30-04-2017,8.45,9.17,8.45,9.14,433870.0,49289.41
1483,29-04-2017,8.01,9.62,6.86,8.45,715582.0,86895.2
1484,28-04-2017,9.25,9.35,7.92,8.01,862259.0,99885.2
1485,27-04-2017,9.77,9.99,9.14,9.25,615853.0,64571.74
1486,26-04-2017,9.77,9.97,9.63,9.78,581280.0,59390.04
1487,25-04-2017,10.07,10.07,9.64,9.74,294309.0,29788.36
1488,24-04-2017,9.87,10.16,9.78,10.07,442488.0,44381.95
1489,23-04-2017,10.06,10.08,9.5,9.87,474630.0,48051.63
1490,22-04-2017,10.19,10.39,9.7,10.05,388381.0,38520.31
1491,21-04-2017,9.89,10.66,9.89,10.18,495149.0,48759.13
1492,20-04-2017,8.74,10.38,8.74,9.74,1048750.0,111569.15
1493,19-04-2017,9.7,9.78,7.59,8.74,801362.0,89512.65
1494,18-04-2017,10.78,10.84,8.5,9.7,737619.0,74095.33
1495,17-04-2017,9.8,11.45,9.08,10.8,1077470.0,104786.77
1496,16-04-2017,12.05,12.69,8.27,9.69,201720.0,18896.49
1497,15-04-2017,10.62,17.63,10.62,11.95,1951160.0,153574.18
1498,14-04-2017,8.39,10.57,8.37,10.55,902695.0,95321.54
1499,13-04-2017,6.13,8.5,6.13,8.41,771597.0,105806.92
1500,12-04-2017,5.91,6.16,5.48,6.12,595244.0,100590.45
1501,11-04-2017,5.73,6.2,5.73,5.92,470292.0,79778.12
1502,10-04-2017,5.43,5.8,5.36,5.73,458324.0,82136.92
1503,09-04-2017,5.17,5.51,5.02,5.45,614199.0,116160.57
1504,08-04-2017,4.8,5.22,4.8,5.2,499333.0,99766.83
1505,07-04-2017,4.77,4.81,4.66,4.79,355818.0,74790.96
1506,06-04-2017,4.49,4.85,4.43,4.76,398884.0,86105.56
1507,05-04-2017,3.91,4.66,3.91,4.42,414450.0,98094.67
1508,04-04-2017,4.02,4.23,3.88,3.91,149998.0,37405.99
1509,03-04-2017,3.53,4.04,3.49,4.01,432916.0,114908.03
1510,02-04-2017,3.35,3.59,3.34,3.49,277557.0,80626.58
1511,01-04-2017,3.41,3.43,3.3,3.35,313656.0,93004.0
1512,31-03-2017,3.34,3.44,3.25,3.4,250322.0,74556.07
1513,30-03-2017,3.25,3.4,3.23,3.34,340582.0,103050.53
1514,29-03-2017,2.99,3.29,2.93,3.25,303282.0,97361.8
1515,28-03-2017,3.05,3.15,2.9,2.97,165270.0,54770.51
1516,27-03-2017,2.7,4.42,2.34,3.04,377669.0,120854.08
1517,26-03-2017,2.02,3.91,2.01,3.32,347994.0,123621.31
1518,25-03-2017,1.83,2.08,1.78,2.02,244700.0,126952.01
1519,24-03-2017,1.89,1.94,1.77,1.83,162423.0,87441.72
1520,23-03-2017,1.79,1.95,1.77,1.89,248776.0,134473.51
1521,22-03-2017,1.74,1.8,1.7,1.79,261732.0,148922.9
1522,21-03-2017,1.61,1.79,1.59,1.74,200786.0,119337.89
1523,20-03-2017,1.73,1.77,1.54,1.6,233726.0,140798.8
1524,19-03-2017,1.83,1.9,1.73,1.73,239185.0,133065.37
1525,18-03-2017,1.89,1.94,1.76,1.84,231056.0,124390.85
1526,17-03-2017,1.89,1.98,1.86,1.89,296537.0,155662.47
1527,16-03-2017,1.86,1.97,1.86,1.89,197787.0,104373.09
1528,15-03-2017,1.74,1.99,1.72,1.86,207174.0,113364.71
1529,14-03-2017,1.88,2.0,1.66,1.73,209145.0,115072.9
1530,13-03-2017,1.65,2.04,1.65,1.88,329288.0,182431.02
1531,12-03-2017,1.57,1.96,1.57,1.65,231193.0,137003.26
1532,11-03-2017,0.910759,6.9,0.9047850000000001,1.57,391543.0,152269.24
1533,10-03-2017,0.9283239999999999,2.29,0.892919,0.910482,80489.0,64112.63
1534,09-03-2017,0.9299280000000001,0.965031,0.9025989999999999,0.9285559999999999,112631.0,120909.88
1535,08-03-2017,0.8779319999999999,0.9483889999999999,0.877303,0.929657,144511.0,159096.97
1536,07-03-2017,0.8604459999999999,0.890336,0.8543219999999999,0.87769,99353.0,114107.24
1537,06-03-2017,0.87656,0.901431,0.848197,0.861036,118768.0,136232.14
1538,05-03-2017,0.849622,0.897957,0.849622,0.874886,133898.0,154256.5
1539,04-03-2017,0.843463,0.8675299999999999,0.833101,0.84983,112199.0,132235.14
1540,03-03-2017,0.804026,0.847651,0.803913,0.8419620000000001,94260.0,114339.36
1541,02-03-2017,0.805227,0.8315379999999999,0.797892,0.803977,107824.0,133172.2
1542,01-03-2017,0.798417,0.8193239999999999,0.798143,0.804716,71439.0,88727.57
1543,28-02-2017,0.7801710000000001,0.814878,0.7696029999999999,0.799392,75564.0,95528.38
1544,27-02-2017,0.798545,0.821233,0.764979,0.779878,96943.0,122532.93
1545,26-02-2017,0.720091,0.8337969999999999,0.7101270000000001,0.800726,80798.0,105454.91
1546,25-02-2017,0.750903,0.8006260000000001,0.697684,0.716413,104601.0,141084.55
1547,24-02-2017,0.765145,0.800321,0.663462,0.751017,102991.0,138245.5
1548,23-02-2017,0.7435689999999999,0.7886810000000001,0.742046,0.7654880000000001,46477.0,61158.29
1549,22-02-2017,0.722645,0.744402,0.718499,0.744051,79052.0,107935.66
1550,21-02-2017,0.723668,0.7597550000000001,0.718855,0.722082,17807.0,24356.78
1551,20-02-2017,0.7141770000000001,0.7706189999999999,0.712649,0.723435,69567.0,95268.55
1552,19-02-2017,0.737502,0.765716,0.711911,0.7121350000000001,73305.0,100168.62
1553,18-02-2017,0.726066,0.76264,0.725988,0.738451,64234.0,87004.19
1554,17-02-2017,0.7315119999999999,0.748031,0.721461,0.725943,84565.0,115567.52
1555,16-02-2017,0.711982,0.7447739999999999,0.665671,0.730306,84926.0,119080.19
1556,15-02-2017,0.696483,0.718306,0.615641,0.711195,100391.0,146469.34
1557,14-02-2017,0.7015520000000001,0.7246199999999999,0.693313,0.696708,90321.0,128288.08
1558,13-02-2017,0.634346,0.728807,0.6217199999999999,0.702202,73165.0,108913.97
1559,12-02-2017,0.567441,0.652978,0.546511,0.634202,136220.0,226926.3
1560,11-02-2017,0.5746140000000001,0.6350859999999999,0.529744,0.566729,40765.0,70705.88
1561,10-02-2017,0.42578900000000003,0.620504,0.42578900000000003,0.573734,97396.0,190429.64
1562,09-02-2017,0.447859,0.516073,0.422868,0.4254,65544.0,144672.77
1563,08-02-2017,0.465675,0.53186,0.445042,0.44700200000000007,92361.0,195516.57
1564,07-02-2017,0.568783,0.594951,0.46519499999999997,0.46519499999999997,22814.0,43577.17
1565,06-02-2017,0.513954,0.618865,0.511836,0.568446,41471.0,74955.46
1566,05-02-2017,0.42436899999999994,0.616739,0.42325799999999997,0.513246,104851.0,212075.98
1567,04-02-2017,0.376986,0.5100520000000001,0.37469600000000003,0.42451000000000005,49021.0,116284.48
1568,03-02-2017,0.23460300000000003,0.625286,0.23433,0.380666,70857.0,192169.56
1569,02-02-2017,0.2019,0.248894,0.192904,0.23447600000000002,38955.0,177436.36
1570,01-02-2017,0.18354,0.21147399999999997,0.183411,0.201773,25986.0,133227.72
1571,31-01-2017,0.185211,0.191636,0.17800000000000002,0.183409,10832.0,58689.67
1572,30-01-2017,0.167891,0.191118,0.167889,0.185115,12342.0,69335.81
1573,29-01-2017,0.162051,0.242873,0.151854,0.16788,24828.0,137046.72
1574,28-01-2017,0.154363,0.179255,0.147483,0.161915,9966.0,61995.35
1575,27-01-2017,0.142849,0.313312,0.142811,0.15421700000000002,14945.0,79369.19
1576,26-01-2017,0.15295899999999998,0.671748,0.13426400000000002,0.14297200000000002,33237.0,120648.71
1577,25-01-2017,0.128182,0.15698299999999998,0.126968,0.154695,6921.0,48840.21
1578,24-01-2017,0.174903,0.17808800000000002,0.123697,0.12806700000000001,526.0,3479.09
1579,23-01-2017,0.14570999999999998,0.236289,0.144554,0.17482899999999998,12872.0,73409.35
1580,22-01-2017,0.162671,0.16680799999999998,0.145625,0.145625,5978.0,38522.45
